v,vw,o,c,h,l,t,n
612809.0,242.2359,242.82,242.33,243.1,241.72,2019-12-24,9315
1.098813e6,242.3136,242.72,241.9,243.64,241.32,2019-12-26,13818
1.084967e6,241.4215,242.24,241.53,242.99,240.16,2019-12-27,15954
1.454466e6,240.6023,241.4,240.27,242.98,239.4,2019-12-30,21064
1.748329e6,240.3838,240.28,241.07,241.46,238.5,2019-12-31,18621
1.901323e6,239.8458,243.0,240.1,243.19,238.98,2020-01-02,26030
1.879024e6,238.8964,237.1635,238.47,240.26,236.2435,2020-01-03,24157
1.802823e6,239.4769,237.2,240.3,240.45,236.56,2020-01-06,21062
1.522109e6,238.1591,239.31,238.04,240.0,237.59,2020-01-07,24095
2.21485e6,238.5155,237.93,238.22,239.58,236.61,2020-01-08,27582
1.62895e6,238.7581,239.69,238.93,239.69,237.97,2020-01-09,21822
1.777614e6,239.5205,238.68,238.26,240.93,237.61,2020-01-10,23683
2.004364e6,236.4661,238.26,236.92,238.33,234.79,2020-01-13,23679
2.239061e6,239.0891,235.8,240.0,240.68,235.17,2020-01-14,26911
1.920726e6,241.5501,240.67,241.7,242.6,240.05,2020-01-15,21672
2.085686e6,241.4621,242.18,240.5,243.85,239.845,2020-01-16,25312
2.582849e6,241.1739,242.11,241.49,242.14,239.27,2020-01-17,23157
3.094208e6,238.5113,240.97,237.6,242.01,237.26,2020-01-21,32977
1.998233e6,237.289,238.75,236.75,239.7,235.755,2020-01-22,31107
2.088691e6,234.7206,237.06,235.04,237.06,233.07,2020-01-23,28206
5.020236e6,227.3412,235.8,225.59,235.88,224.5,2020-01-24,64404
2.843551e6,223.3703,223.68,222.95,224.93,221.17,2020-01-27,36464
2.10397e6,225.2585,223.57,224.84,226.7,222.85,2020-01-28,27115
2.001389e6,227.3939,225.5,227.15,228.93,225.0,2020-01-29,27995
2.581606e6,225.0325,226.0,226.15,226.97,223.31,2020-01-30,35794
5.968931e6,214.2164,218.7635,216.05,219.08,210.01,2020-01-31,76159
2.56544e6,217.2054,216.39,216.88,219.62,215.56,2020-02-03,31924
2.765342e6,222.012,220.77,221.81,223.85,220.48,2020-02-04,33809
3.669477e6,231.7267,223.74,231.94,234.64,223.74,2020-02-05,51473
2.007526e6,231.0923,233.72,231.45,233.89,229.34,2020-02-06,26590
2.295149e6,229.1544,231.41,229.33,232.18,227.67,2020-02-07,28222
2.144696e6,227.2385,228.15,227.42,228.96,226.26,2020-02-10,28299
1.934539e6,228.6356,227.7,228.96,229.465,226.795,2020-02-11,25026
2.50125e6,227.2253,229.47,227.0,230.23,225.88,2020-02-12,32318
1.946511e6,224.1106,224.99,223.04,226.52,222.82,2020-02-13,26371
1.61196e6,222.8351,222.93,223.48,223.49,221.34,2020-02-14,22026
1.936402e6,221.8042,224.15,221.69,224.35,220.92,2020-02-18,22976
1.322884e6,222.9418,222.94,222.96,224.05,222.05,2020-02-19,18637
1.637976e6,221.1826,223.2,222.14,223.4795,218.51,2020-02-20,23535
2.047484e6,222.5941,222.24,222.79,223.8,220.99,2020-02-21,22124
3.049587e6,218.0404,219.88,217.88,223.99,215.76,2020-02-24,42172
3.915518e6,212.4929,218.08,210.38,219.56,209.82,2020-02-25,51583
3.313975e6,214.7527,216.18,214.54,216.7,212.02,2020-02-26,39894
4.07106e6,208.1897,214.92,203.5,215.28,203.22,2020-02-27,55660
5.316456e6,198.2555,198.05,199.73,203.0,195.18,2020-02-28,70932
4.245732e6,206.868,199.9,212.2,212.37,198.71,2020-03-02,58534
3.975261e6,207.1181,210.34,204.42,216.16,202.66,2020-03-03,59341
3.88045e6,212.0694,209.53,215.11,215.29,207.62,2020-03-04,45509
3.185407e6,211.9102,207.66,212.12,216.39,207.58,2020-03-05,47809
3.100544e6,208.4344,203.97,210.65,211.61,203.82,2020-03-06,42568
4.065565e6,199.0785,197.74,198.37,203.62,190.75,2020-03-09,59614
3.928777e6,203.1058,203.36,206.8,207.1,194.67,2020-03-10,53515
3.77757e6,199.4283,201.0,198.65,203.92,195.81,2020-03-11,50561
4.902612e6,185.4993,184.63,182.24,196.26,181.765,2020-03-12,71994
6.903858e6,196.699,189.76,202.1,203.17,188.52,2020-03-13,104965
4.932563e6,194.2257,184.67,188.68,204.715,182.96,2020-03-16,75165
5.912873e6,204.4713,192.21,207.8,210.91,191.6532,2020-03-17,90746
5.59787e6,204.338,198.56,204.88,210.9,196.7375,2020-03-18,74956
4.796717e6,201.4708,201.0,198.76,208.75,195.27,2020-03-19,70471
5.727006e6,191.4929,198.89,188.25,201.97,186.0,2020-03-20,66086
4.396603e6,185.7263,188.89,185.93,191.955,177.05,2020-03-23,64863
5.288247e6,199.2833,191.47,202.34,202.85,190.01,2020-03-24,71225
5.301004e6,195.0388,197.77,193.14,201.36,190.01,2020-03-25,75749
5.162547e6,196.0957,193.12,198.49,199.72,190.5,2020-03-26,62850
4.11978e6,199.5629,194.42,198.27,205.87,194.01,2020-03-27,53730
3.218998e6,206.727,200.05,208.48,209.45,200.05,2020-03-30,41146
2.929128e6,203.3445,203.49,202.73,207.245,200.7,2020-03-31,36253
2.747906e6,198.0472,197.56,197.81,201.38,194.99,2020-04-01,39217
3.867332e6,205.6161,194.41,208.88,209.53,194.21,2020-04-02,49283
2.281426e6,205.3374,207.43,205.41,209.75,203.03,2020-04-03,34344
3.702502e6,210.1493,212.0,211.58,212.71,206.85,2020-04-06,45581
2.447461e6,211.0733,213.45,208.78,215.18,207.33,2020-04-07,34943
2.861876e6,215.6155,208.9,219.19,219.82,207.34,2020-04-08,42409
2.503361e6,217.5959,217.4,218.21,219.35,215.7,2020-04-09,36636
2.168055e6,217.302,216.98,218.27,219.18,215.15,2020-04-13,28041
3.028974e6,225.416,221.01,226.8,228.32,220.25,2020-04-14,40744
3.107124e6,221.8099,224.99,221.8,225.5072,219.305,2020-04-15,37257
2.617328e6,229.6428,225.0,230.9,232.1,223.22,2020-04-16,41823
2.864273e6,232.7763,236.83,234.97,236.99,229.215,2020-04-17,42488
2.82406e6,237.1393,234.2,236.6,239.56,232.39,2020-04-20,39541
2.67287e6,232.1727,235.0,230.75,235.77,229.0006,2020-04-21,38512
2.845168e6,229.4135,233.35,229.29,234.0,227.59,2020-04-22,39276
3.226371e6,234.5876,229.09,232.49,235.65,228.8801,2020-04-23,28513
1.946281e6,234.5512,234.04,236.28,236.93,230.8,2020-04-24,28614
2.472687e6,240.5426,236.63,242.43,243.0,235.0,2020-04-27,33935
2.548919e6,239.6992,243.0,237.67,244.95,236.86,2020-04-28,38068
3.365329e6,236.4919,238.9,235.69,239.31,235.24,2020-04-29,37922
5.704522e6,236.4905,236.02,239.22,240.07,231.91,2020-04-30,56827
3.045407e6,231.7437,233.0,230.98,237.05,228.0,2020-05-01,42423
2.035913e6,230.2484,232.44,230.91,232.92,228.1,2020-05-04,30660
1.975551e6,235.0535,231.28,236.36,237.975,229.17,2020-05-05,29952
1.980563e6,237.3835,237.31,236.59,239.68,235.69,2020-05-06,24544
2.451212e6,234.0265,236.9,233.33,237.965,232.1,2020-05-07,32156
1.534384e6,234.0054,234.95,234.82,235.73,231.6,2020-05-08,23247
2.163904e6,240.309,233.07,242.74,243.49,232.51,2020-05-11,29179
2.240986e6,240.2491,242.68,237.21,244.5,237.05,2020-05-12,28565
2.292659e6,238.3318,235.22,236.83,243.94,235.22,2020-05-13,34021
3.322788e6,236.799,235.95,237.98,238.97,233.8,2020-05-14,31942
3.111458e6,238.8764,234.43,240.2,240.43,233.8936,2020-05-15,33003
5.631628e6,235.5103,243.66,233.19,244.39,231.795,2020-05-18,54642
3.835753e6,229.4174,232.64,227.43,233.435,227.17,2020-05-19,45115
3.71462e6,227.9587,229.27,227.87,230.12,225.64,2020-05-20,43133
2.377709e6,225.6428,228.11,224.78,228.24,224.0,2020-05-21,35489
2.334329e6,225.3091,224.17,226.43,226.77,223.61,2020-05-22,32634
2.397794e6,224.082,227.53,222.4,228.35,221.73,2020-05-26,37479
2.932075e6,221.8742,222.32,224.81,225.13,217.465,2020-05-27,46724
2.59106e6,224.8403,226.26,224.13,226.62,222.25,2020-05-28,38502
4.251215e6,226.9241,225.0,229.7,230.57,222.06,2020-05-29,49899
1.817708e6,227.3084,228.89,226.91,230.54,225.7083,2020-06-01,28075
3.198896e6,224.0964,225.8,223.72,226.36,222.58,2020-06-02,36212
3.660542e6,220.1341,223.49,221.0,224.285,218.25,2020-06-03,45477
2.392798e6,220.7954,220.77,220.88,223.45,219.21,2020-06-04,33733
3.714949e6,223.9733,219.7,225.67,225.9499,218.2,2020-06-05,49418
2.270543e6,224.8871,223.27,225.75,226.25,221.75,2020-06-08,31097
2.403581e6,225.8451,226.0,224.9,228.31,224.57,2020-06-09,32902
2.851314e6,227.3153,226.68,227.12,229.49,225.52,2020-06-10,35466
3.900729e6,222.5544,228.06,218.9,229.78,218.67,2020-06-11,53033
2.426695e6,218.2026,221.1,217.9,222.35,214.2,2020-06-12,41338
2.471769e6,218.4223,215.81,219.78,221.0,213.8601,2020-06-15,30354
2.582329e6,226.3668,222.83,226.87,228.875,222.62,2020-06-16,38933
2.751198e6,226.3408,228.54,225.97,228.81,224.53,2020-06-17,25802
2.469861e6,229.4754,226.86,230.32,231.48,225.68,2020-06-18,34460
5.319517e6,236.0344,233.38,238.7,239.07,231.31,2020-06-19,41939
2.337012e6,234.9538,236.31,234.19,237.65,233.06,2020-06-22,33818
2.171491e6,236.5853,234.87,235.75,239.17,233.435,2020-06-23,29293
1.973255e6,233.0887,235.21,232.51,237.0,231.4,2020-06-24,34785
2.080292e6,233.6869,231.5,235.11,235.44,230.385,2020-06-25,29645
3.613263e6,233.2556,235.37,232.84,236.86,231.8227,2020-06-26,35002
1.93822e6,231.4865,233.4,231.56,234.14,229.98,2020-06-29,26601
2.589161e6,234.6279,233.31,235.86,237.32,231.795,2020-06-30,28705
6.575764e6,249.1353,235.52,255.12,256.23,232.58,2020-07-01,82642
3.338105e6,258.7629,252.87,258.24,261.46,252.87,2020-07-02,46090
3.460401e6,259.0268,260.03,256.25,264.97,253.9,2020-07-06,50850
2.365929e6,255.0852,253.6,253.15,258.91,252.09,2020-07-07,39005
1.993691e6,251.2604,253.15,251.59,253.975,249.25,2020-07-08,31175
1.739596e6,251.4989,250.25,251.66,253.8304,248.835,2020-07-09,28159
1.326217e6,248.6421,250.65,249.04,251.57,247.07,2020-07-10,21689
2.528209e6,251.8238,249.83,250.04,255.43,249.28,2020-07-13,35244
2.368282e6,249.6966,242.76,253.09,253.79,240.48,2020-07-14,35124
1.650298e6,253.0289,254.57,253.31,254.57,250.77,2020-07-15,29188
1.531105e6,253.3876,252.06,255.2,255.29,249.9238,2020-07-16,24273
2.045076e6,258.1377,256.7,258.46,259.95,254.76,2020-07-17,27472
1.497617e6,260.6722,260.08,260.95,262.815,258.315,2020-07-20,25201
1.821855e6,258.4139,258.62,257.91,260.03,257.28,2020-07-21,24981
1.598129e6,257.5274,259.79,256.98,260.0,255.8,2020-07-22,22036
2.532014e6,253.7138,259.54,252.24,260.0,251.6,2020-07-23,36287
2.187982e6,247.759,251.26,247.98,251.83,245.5,2020-07-24,35933
2.155979e6,252.702,247.3,253.65,255.0964,247.0345,2020-07-27,28521
2.266603e6,256.2233,254.46,255.27,258.4,253.77,2020-07-28,34108
3.286809e6,248.2308,250.4,248.85,252.85,245.74,2020-07-29,42941
1.967707e6,246.2875,246.4,246.14,247.82,245.2,2020-07-30,28103
2.829889e6,243.0448,245.63,244.67,246.1,239.3942,2020-07-31,37269
1.853907e6,247.4253,244.85,247.36,249.02,244.53,2020-08-03,28549
1.912142e6,243.2704,245.97,243.59,246.17,241.3385,2020-08-04,30872
1.73662e6,242.3433,243.91,241.47,245.41,240.8,2020-08-05,26200
1.747022e6,240.5293,240.85,241.55,242.2,239.105,2020-08-06,31748
1.352305e6,240.3908,243.58,240.69,243.62,238.57,2020-08-07,22814
1.533218e6,237.739,240.26,238.17,240.67,236.21,2020-08-10,24356
2.296518e6,236.3818,238.18,234.65,238.9,234.36,2020-08-11,31428
2.325724e6,240.6728,234.69,241.72,243.0,234.69,2020-08-12,36937
1.362866e6,240.5096,241.31,240.46,242.77,239.61,2020-08-13,24858
1.224955e6,239.3847,239.2144,239.71,240.06,238.615,2020-08-14,19011
1.697623e6,243.2786,240.21,243.01,244.74,240.21,2020-08-17,23850
1.123752e6,241.9457,243.52,241.5,244.305,240.02,2020-08-18,22366
1.900689e6,241.4129,241.02,240.49,243.73,238.5,2020-08-19,24806
1.17276e6,238.5989,240.13,238.73,240.6888,237.3,2020-08-20,18825
1.95988e6,237.6567,238.88,237.64,238.88,235.51,2020-08-21,22278
1.565313e6,235.7796,237.73,235.57,238.44,233.56,2020-08-24,25299
6.392058e6,246.8962,242.9,248.22,249.96,240.8,2020-08-25,83882
3.125005e6,249.2731,248.33,250.18,251.38,245.76,2020-08-26,47529
3.928416e6,253.7712,252.24,252.81,256.91,250.41,2020-08-27,50705
1.283841e7,252.2914,253.4,253.12,254.14,247.79,2020-08-28,69090
4.053884e6,252.8482,252.93,253.32,256.05,250.1,2020-08-31,44089
2.869293e6,250.2868,250.05,250.86,252.04,248.68,2020-09-01,43658
2.871599e6,256.7995,251.22,258.12,258.8,251.22,2020-09-02,39550
3.137691e6,250.0849,259.29,247.91,260.0641,246.35,2020-09-03,49921
2.91039e6,248.4872,251.33,248.4,252.27,244.5755,2020-09-04,43122
3.358845e6,241.9185,246.23,241.18,246.99,239.525,2020-09-08,47820
2.244646e6,245.5619,242.64,245.57,247.49,241.82,2020-09-09,30252
2.126722e6,242.0863,244.56,240.64,246.14,238.9,2020-09-10,36546
1.899425e6,243.4837,241.7,243.21,245.49,241.07,2020-09-11,31373
2.086781e6,246.4208,244.8362,246.75,247.84,244.25,2020-09-14,30591
2.243893e6,249.3982,248.7,248.35,251.915,248.1,2020-09-15,35081
2.325559e6,248.9309,251.35,247.76,251.35,247.0,2020-09-16,34046
2.801126e6,247.4638,243.53,248.08,249.72,243.02,2020-09-17,41083
6.042471e6,247.58,248.69,247.72,249.84,242.35,2020-09-18,43954
2.745529e6,241.5642,247.04,243.19,247.04,238.2,2020-09-21,44473
2.172592e6,245.5228,241.55,247.5,248.29,240.895,2020-09-22,34445
2.104482e6,244.6723,247.3,242.59,249.23,241.48,2020-09-23,32467
1.827246e6,240.525,242.1471,240.32,242.68,237.78,2020-09-24,31481
2.635721e6,241.4977,239.51,243.82,244.18,237.81,2020-09-25,34416
2.214332e6,246.6527,247.68,247.03,249.04,244.77,2020-09-28,27808
2.008474e6,247.6062,247.55,248.3,249.05,245.48,2020-09-29,28275
3.526556e6,253.7708,249.81,254.16,256.115,248.1,2020-09-30,49524
2.428361e6,255.8007,255.07,255.39,258.505,254.05,2020-10-01,40257
2.514437e6,247.2647,252.4,245.41,254.66,244.01,2020-10-02,41865
2.852322e6,253.6029,246.52,256.01,256.65,246.2405,2020-10-05,38826
2.431437e6,254.0566,257.4,252.69,257.4,252.14,2020-10-06,37124
1.84282e6,257.3557,253.96,257.67,258.405,253.1,2020-10-07,27559
5.59228e6,243.2642,249.27,240.09,250.06,239.0,2020-10-08,86480
4.182959e6,236.7103,238.5,236.7,239.58,234.02,2020-10-09,64240
2.881695e6,239.2635,237.73,239.51,241.92,235.7606,2020-10-12,41520
2.065856e6,239.8718,239.2,239.34,241.87,238.87,2020-10-13,30021
2.694112e6,238.5457,240.4,237.65,242.27,237.2,2020-10-14,29661
2.531295e6,234.4695,236.0,235.01,236.99,232.87,2020-10-15,42315
2.059919e6,236.5426,235.35,235.72,239.1599,233.8,2020-10-16,30013
2.749811e6,232.6187,236.21,230.71,237.4425,230.01,2020-10-19,40210
1.950786e6,231.3499,231.06,231.1,232.9,229.36,2020-10-20,35338
1.978691e6,229.1189,229.46,228.97,231.11,227.54,2020-10-21,36971
2.172881e6,227.642,228.1,227.98,229.9294,226.16,2020-10-22,33706
2.104204e6,227.6048,228.72,227.16,230.07,226.3,2020-10-23,30116
3.087094e6,224.2684,226.02,224.89,228.23,221.79,2020-10-26,48706
1.934371e6,224.2718,225.06,223.46,225.95,223.1401,2020-10-27,29293
2.873957e6,217.904,219.02,216.38,221.06,215.93,2020-10-28,44701
2.994097e6,217.097,213.63,217.82,220.33,210.28,2020-10-29,51722
3.262732e6,215.9309,216.22,216.94,217.27,213.96,2020-10-30,40052
2.029119e6,219.8468,221.56,220.21,222.37,217.2,2020-11-02,31867
2.533548e6,220.2629,221.76,220.06,223.08,218.46,2020-11-03,33809
3.810005e6,231.6803,226.29,230.33,235.98,225.1,2020-11-04,56872
2.070339e6,231.5788,233.77,231.97,233.8273,230.0,2020-11-05,32531
2.028614e6,231.7274,232.66,231.67,233.21,230.04,2020-11-06,28824
2.996247e6,237.1559,242.94,235.0,244.8,234.0,2020-11-09,43967
3.74278e6,242.4223,244.0,241.6,245.84,239.47,2020-11-10,53938
2.244795e6,240.9712,242.52,240.69,245.67,238.5,2020-11-11,35577
2.439222e6,237.1882,240.55,237.14,240.89,235.64,2020-11-12,30879
1.767245e6,237.1374,236.89,237.36,238.59,235.0,2020-11-13,30902
2.069573e6,237.0548,237.42,236.66,239.815,235.26,2020-11-16,29570
1.935432e6,233.6883,235.01,232.44,236.9299,232.12,2020-11-17,30914
2.46645e6,229.3089,234.05,227.76,234.37,227.64,2020-11-18,36465
2.595657e6,224.753,226.97,224.67,226.97,223.59,2020-11-19,43017
2.956252e6,223.0238,223.22,223.17,225.0909,221.48,2020-11-20,45539
2.033413e6,221.7304,222.0622,222.22,223.17,220.3396,2020-11-23,31283
3.19905e6,220.7135,222.45,220.46,223.05,219.82,2020-11-24,35774
2.550392e6,220.3334,221.095,220.31,223.77,218.92,2020-11-25,33107
1.698316e6,224.4134,221.41,224.81,226.21,221.39,2020-11-27,23496
4.858086e6,221.5821,224.33,222.04,225.2775,219.45,2020-11-30,46569
3.050628e6,224.7238,224.88,225.08,225.78,222.72,2020-12-01,36477
2.641166e6,227.4932,225.08,226.56,230.0799,224.6092,2020-12-02,37488
2.167952e6,227.078,226.0,226.91,228.45,225.52,2020-12-03,32597
1.990927e6,228.9962,225.75,229.21,230.33,225.75,2020-12-04,29233
2.250267e6,226.39,229.0,226.45,229.21,225.11,2020-12-07,31983
2.12472e6,228.4002,229.01,228.94,229.1,226.345,2020-12-08,24332
2.160042e6,229.473,229.78,229.85,231.59,227.88,2020-12-09,30229
1.558149e6,228.3258,229.62,228.16,230.0,227.52,2020-12-10,24555
2.019275e6,227.0023,226.47,227.4,227.8,225.495,2020-12-11,27020
2.904713e6,230.0065,229.48,229.46,232.19,227.58,2020-12-14,36726
2.566722e6,230.0784,229.01,230.53,231.28,227.0,2020-12-15,31664
2.589394e6,229.0232,229.99,228.44,231.28,228.11,2020-12-16,31431
2.510365e6,230.2223,229.12,231.24,231.38,228.83,2020-12-17,37631
5.88886e6,228.9966,232.04,228.49,232.04,227.25,2020-12-18,34495
2.311483e6,225.5909,225.68,227.31,227.94,221.58,2020-12-21,38978
3.572043e6,221.4504,225.72,220.99,226.475,220.08,2020-12-22,46507
1.763598e6,222.6692,221.48,222.94,223.58,220.66,2020-12-23,31068
955401.0,223.273,223.24,222.93,224.58,222.29,2020-12-24,13990
1.495201e6,224.4799,223.03,223.65,226.9,223.03,2020-12-28,24312
1.564429e6,227.3512,225.88,226.87,229.47,225.2733,2020-12-29,28948
1.891417e6,227.5458,227.98,227.17,229.03,226.58,2020-12-30,26066
1.821286e6,228.8352,227.31,229.92,230.25,225.89,2020-12-31,24048
3.088179e6,226.2391,231.25,226.66,231.25,223.67,2021-01-04,46085
2.494194e6,226.8349,226.94,227.76,228.895,224.35,2021-01-05,35778
3.755069e6,231.2489,225.0,233.25,233.53,225.0,2021-01-06,51693
2.648082e6,234.0994,231.86,234.02,235.37,231.465,2021-01-07,37954
2.511396e6,237.4151,235.53,238.49,238.86,235.1,2021-01-08,42807
2.600537e6,237.9088,240.0,237.57,240.35,234.43,2021-01-11,38512
1.771566e6,236.6838,237.12,236.59,238.78,235.35,2021-01-12,28794
1.4123e6,237.247,235.99,237.74,238.5,235.22,2021-01-13,24703
2.594082e6,241.3402,236.5,241.66,243.49,235.675,2021-01-14,36425
2.855245e6,244.6501,241.18,245.49,246.84,240.0197,2021-01-15,39434
2.172907e6,248.1169,246.5,248.27,249.0,246.38,2021-01-19,33121
2.768545e6,251.6163,247.42,252.36,253.35,246.12,2021-01-20,38876
2.216075e6,251.5723,252.0,252.03,252.73,249.52,2021-01-21,31244
1.866583e6,253.8606,252.26,253.5,255.23,250.56,2021-01-22,31476
1.830711e6,255.578,252.05,257.1,257.11,252.01,2021-01-25,33662
2.00907e6,257.4395,256.59,258.6,259.07,254.86,2021-01-26,32043
3.237899e6,253.1154,255.47,251.06,259.44,250.32,2021-01-27,52182
5.205633e6,254.3293,252.48,247.75,276.69,243.45,2021-01-28,73303
3.79298e6,242.3059,244.93,241.43,246.47,240.25,2021-01-29,51934
2.173526e6,241.5491,244.3,240.43,245.48,239.58,2021-02-01,34257
2.444209e6,240.2246,240.0,240.49,241.9482,236.8,2021-02-02,38812
4.479165e6,235.1982,231.5595,237.08,239.87,231.391,2021-02-03,59510
2.819851e6,236.192,236.28,237.22,237.855,233.745,2021-02-04,41256
2.42181e6,236.5896,238.31,236.32,238.88,235.38,2021-02-05,28054
2.258338e6,237.4174,237.99,237.57,239.63,235.85,2021-02-08,30785
1.996649e6,236.2994,237.28,236.65,237.67,234.79,2021-02-09,28348
2.869378e6,238.3703,238.4,238.46,240.295,236.7,2021-02-10,35202
1.634013e6,236.0914,238.64,235.04,239.1319,233.985,2021-02-11,29997
1.460359e6,236.046,235.04,237.21,237.35,233.485,2021-02-12,24372
2.018147e6,233.9098,236.01,232.84,237.69,232.53,2021-02-16,31095
1.575366e6,234.913,232.33,235.61,235.84,231.24,2021-02-17,27160
1.945501e6,233.4058,235.43,232.53,235.43,232.3,2021-02-18,31924
2.471543e6,232.0897,232.01,231.69,233.15,230.85,2021-02-19,31112
2.333823e6,232.1419,230.33,231.47,233.8,230.12,2021-02-22,34447
2.91916e6,233.0146,232.65,232.46,238.0,230.9675,2021-02-23,50380
2.690505e6,229.5753,229.87,229.99,230.7879,227.71,2021-02-24,43959
2.769238e6,227.9896,229.99,227.52,230.5,226.9,2021-02-25,39682
3.453588e6,225.0775,230.3134,224.92,230.3134,223.615,2021-02-26,51408
2.178149e6,227.0533,225.88,227.04,227.9289,225.23,2021-03-01,34170
2.407767e6,226.3283,227.0,225.69,227.89,225.28,2021-03-02,34049
2.610773e6,223.8123,223.52,223.94,225.6878,221.31,2021-03-03,42556
3.57702e6,223.1543,227.82,221.91,227.87,220.2533,2021-03-04,60412
3.021305e6,225.8716,222.45,227.73,228.15,221.45,2021-03-05,50860
3.101301e6,229.2302,228.08,227.81,232.2,226.7,2021-03-08,46257
3.057261e6,230.2528,230.0,228.99,233.12,228.78,2021-03-09,44670
2.310089e6,230.5126,231.4637,229.96,233.49,229.02,2021-03-10,37729
2.24407e6,231.4134,230.66,231.17,233.96,228.7781,2021-03-11,35256
1.752641e6,229.9042,230.24,230.36,230.76,228.69,2021-03-12,30494
2.911063e6,234.0965,230.0,235.96,236.16,229.8,2021-03-15,46218
3.386304e6,240.2633,238.115,240.32,242.02,236.62,2021-03-16,50240
3.255538e6,243.5638,240.31,244.27,245.9,239.22,2021-03-17,53941
3.063186e6,245.1522,240.5,244.42,247.14,240.5,2021-03-18,52297
1.2589904e7,245.7597,245.74,245.94,247.4,241.63,2021-03-19,47679
2.059794e6,248.4056,242.36,249.69,249.77,242.36,2021-03-22,33238
2.604813e6,246.0393,249.99,245.04,250.0,244.9,2021-03-23,39264
2.237559e6,245.6541,245.0,245.47,247.389,243.82,2021-03-24,36903
2.707589e6,246.2049,247.04,246.25,247.54,244.98,2021-03-25,36772
2.638907e6,250.5128,245.97,252.86,253.28,245.54,2021-03-26,44607
2.488137e6,254.796,251.53,254.96,256.595,251.45,2021-03-29,42367
1.979016e6,250.4127,253.18,249.75,254.0075,248.83,2021-03-30,36424
3.571906e6,248.6483,249.23,248.81,249.95,247.36,2021-03-31,41795
2.176998e6,248.5929,249.73,249.17,250.0,246.405,2021-04-01,37747
2.23056e6,251.4952,249.06,252.02,252.63,249.06,2021-04-05,31094
2.034362e6,250.146,251.74,249.1,252.54,248.24,2021-04-06,35705
1.58366e6,248.2322,248.17,248.12,250.22,247.1,2021-04-07,27684
1.633607e6,247.0164,249.1,246.88,249.4802,245.98,2021-04-08,29520
1.368801e6,247.9145,247.71,248.95,249.1,245.81,2021-04-09,25203
1.721957e6,248.8614,248.52,248.94,250.0,247.79,2021-04-12,34346
1.766133e6,249.0238,249.15,249.95,250.35,247.09,2021-04-13,30305
1.753827e6,249.7753,249.98,249.62,251.5,249.0,2021-04-14,30224
2.366334e6,255.1744,251.1,255.13,257.0,250.5,2021-04-15,41212
2.768721e6,256.3521,256.44,255.71,258.82,254.67,2021-04-16,39490
2.345158e6,255.4397,252.85,255.97,256.11,252.64,2021-04-19,33689
1.579344e6,258.8839,254.84,259.14,260.36,254.84,2021-04-20,31004
2.17364e6,258.8391,260.41,258.78,261.0,257.75,2021-04-21,39564
3.370746e6,255.3517,257.54,255.05,258.475,253.66,2021-04-22,49158
2.427125e6,256.2688,254.98,257.03,258.14,253.67,2021-04-23,33371
1.782679e6,255.5928,256.65,255.52,256.75,254.415,2021-04-26,24400
2.184917e6,255.0492,255.1886,255.13,256.53,253.76,2021-04-27,33048
7.550765e6,236.8635,241.52,236.71,243.97,233.76,2021-04-28,109297
4.053469e6,233.4237,235.07,234.71,236.0,231.03,2021-04-29,64866
3.42087e6,238.9406,234.27,239.64,240.66,234.2,2021-04-30,49072
3.587668e6,244.7667,240.67,245.38,247.02,240.55,2021-05-03,56597
3.556137e6,246.2998,247.27,247.36,247.58,242.87,2021-05-04,54726
2.76516e6,248.3927,246.29,249.35,249.98,245.91,2021-05-05,37398
2.790864e6,249.2572,249.28,251.3,251.48,246.96,2021-05-06,48680
2.513035e6,253.7522,251.78,254.21,255.73,251.78,2021-05-07,42838
4.079879e6,253.6305,256.0,252.62,258.81,252.06,2021-05-10,57621
2.307165e6,253.1302,253.16,252.3,255.96,251.62,2021-05-11,44797
2.432107e6,251.6837,251.4097,250.83,253.72,249.68,2021-05-12,41524
3.275792e6,252.3964,250.17,252.07,254.09,249.79,2021-05-13,48149
2.286855e6,252.2406,252.89,251.38,254.59,251.15,2021-05-14,38731
1.922212e6,252.9329,252.29,252.38,254.66,250.64,2021-05-17,34164
1.729459e6,251.5573,252.08,250.86,253.1,250.32,2021-05-18,33714
2.652544e6,248.0921,248.39,248.63,249.09,246.75,2021-05-19,49390
2.227471e6,252.0554,248.005,251.93,254.39,247.905,2021-05-20,40145
2.1779e6,251.6605,253.71,251.01,254.06,250.74,2021-05-21,33619
2.552122e6,249.5386,250.56,247.75,253.48,247.57,2021-05-24,44788
3.210585e6,243.0106,246.66,242.0,247.75,241.78,2021-05-25,54153
3.760161e6,239.384,241.84,238.55,242.479,238.33,2021-05-26,52450
3.701322e6,236.0018,238.91,235.31,239.464,234.58,2021-05-27,57201
3.240387e6,238.1793,236.21,237.94,240.87,236.13,2021-05-28,63666
3.799573e6,235.0934,242.2,233.58,242.28,232.94,2021-06-01,66514
2.266903e6,235.1326,234.9,235.16,236.69,233.89,2021-06-02,43603
2.010621e6,235.5644,233.67,235.74,236.58,233.36,2021-06-03,37371
1.875699e6,237.4898,236.74,236.85,239.28,235.75,2021-06-04,36487
2.153799e6,237.4241,236.92,237.19,240.5669,235.2,2021-06-07,43386
1.63803e6,236.9175,238.93,236.82,239.12,235.25,2021-06-08,35272
3.047686e6,239.6135,237.92,239.52,241.31,236.725,2021-06-09,40502
2.656244e6,244.1087,239.57,244.64,245.33,239.22,2021-06-10,48129
2.002318e6,242.9109,244.88,242.77,245.5,241.98,2021-06-11,37293
2.083431e6,240.4975,242.56,241.19,242.72,239.29,2021-06-14,37771
2.508831e6,239.7422,241.74,239.85,241.98,239.05,2021-06-15,42288
3.185551e6,240.9119,240.87,239.58,244.505,238.0,2021-06-16,51362
2.142783e6,240.8527,239.54,240.76,242.43,238.34,2021-06-17,41442
5.560411e6,238.5708,239.58,238.68,241.0,236.47,2021-06-18,50868
2.149019e6,239.9769,239.64,240.24,240.9079,237.65,2021-06-21,39871
1.780379e6,239.6037,239.71,239.91,240.75,238.29,2021-06-22,34267
1.654342e6,238.6704,239.65,238.71,239.75,236.93,2021-06-23,31771
1.942952e6,241.1121,240.41,240.95,243.03,239.29,2021-06-24,33267
4.309911e6,242.719,241.635,242.68,243.65,240.11,2021-06-25,36582
1.680689e6,243.5266,244.03,242.84,245.51,242.66,2021-06-28,34153
1.337258e6,242.7021,243.2222,242.46,243.94,242.06,2021-06-29,29733
2.325186e6,243.4674,242.72,243.75,244.27,242.06,2021-06-30,38628
2.091646e6,245.9954,243.74,246.9,247.1,243.55,2021-07-01,38520
1.943599e6,248.457,247.33,248.7,249.895,246.2518,2021-07-02,35405
2.792547e6,244.2521,247.26,243.65,248.12,243.17,2021-07-06,47757
2.362807e6,242.8216,244.07,243.22,244.28,241.34,2021-07-07,43320
1.994352e6,244.0085,244.235,244.28,246.7,242.445,2021-07-08,42119
1.609921e6,245.032,243.09,245.2,245.93,241.7064,2021-07-09,34230
2.149359e6,244.9384,244.49,244.37,247.9037,243.54,2021-07-12,37887
1.618267e6,244.7501,245.3883,244.83,246.75,242.975,2021-07-13,33870
2.185185e6,244.1365,244.22,244.7,245.33,241.49,2021-07-14,39070
2.106705e6,246.13,244.33,246.63,247.57,242.14,2021-07-15,42095
3.141506e6,248.2373,248.08,247.96,249.529,246.54,2021-07-16,43870
2.529988e6,246.4889,247.8,246.73,249.95,244.85,2021-07-19,46655
3.035168e6,247.4297,247.27,246.89,250.39,245.71,2021-07-20,47827
1.901962e6,244.4464,246.91,244.85,246.96,242.69,2021-07-21,34388
1.379824e6,244.8762,243.98,244.74,246.22,243.1294,2021-07-22,26740
1.747301e6,247.487,246.27,247.72,248.56,244.87,2021-07-23,28817
1.518535e6,245.5856,247.72,245.08,248.39,244.81,2021-07-26,28930
2.166652e6,244.4129,244.12,244.68,245.61,243.38,2021-07-27,44771
1.649082e6,244.7659,244.55,244.25,247.695,243.515,2021-07-28,32836
1.498915e6,242.8711,244.46,242.46,245.16,242.21,2021-07-29,31074
2.284415e6,241.8467,242.62,241.54,243.095,240.63,2021-07-30,39525
1.849506e6,240.1911,242.12,239.79,242.48,238.37,2021-08-02,39016
2.320625e6,242.8603,240.76,244.08,244.39,239.41,2021-08-03,48327
6.952767e6,230.6747,238.37,228.31,239.42,227.1,2021-08-04,120087
3.294147e6,232.548,228.75,233.99,234.04,228.06,2021-08-05,58532
2.363795e6,230.0085,231.85,230.15,233.25,228.77,2021-08-06,44972
2.250295e6,228.34,230.52,227.89,231.4,227.22,2021-08-09,42476
2.86039e6,226.9087,228.2,227.96,228.2,223.94,2021-08-10,49148
2.104898e6,228.5127,229.14,228.13,230.0,227.49,2021-08-11,44594
1.79945e6,227.5636,228.2,228.15,229.48,225.81,2021-08-12,35068
1.797295e6,230.1043,229.11,229.68,231.89,228.76,2021-08-13,31433
2.43485e6,230.2212,228.2552,231.07,231.29,227.92,2021-08-16,41392
2.666675e6,230.61,229.66,231.2,231.28,229.52,2021-08-17,44433
2.988264e6,228.3465,230.52,226.84,231.33,226.6,2021-08-18,44147
2.669081e6,225.2284,225.69,224.39,227.7,223.3,2021-08-19,49076
2.81164e6,224.063,224.39,223.53,226.24,222.01,2021-08-20,47514
1.932601e6,225.8303,224.18,225.64,227.44,223.77,2021-08-23,36389
1.790382e6,224.2959,225.52,224.38,225.68,223.56,2021-08-24,36354
2.173243e6,222.0263,224.31,221.59,224.83,221.18,2021-08-25,45202
2.844624e6,221.1384,222.06,221.47,222.06,220.16,2021-08-26,46442
2.660964e6,223.5211,222.22,222.78,225.36,220.22,2021-08-27,49242
1.881774e6,224.0626,222.28,224.13,225.31,222.1,2021-08-30,34867
2.904668e6,224.8645,224.94,225.53,225.65,223.34,2021-08-31,46130
2.699121e6,223.6129,225.55,223.35,226.12,221.88,2021-09-01,54290
1.818385e6,225.2325,223.64,225.96,226.03,223.43,2021-09-02,35212
1.664374e6,226.2933,225.76,226.37,227.19,224.2,2021-09-03,34241
3.318055e6,221.1351,223.0,221.34,224.94,219.52,2021-09-07,65766
2.14043e6,220.9447,221.33,220.87,222.29,220.1,2021-09-08,40586
3.273633e6,216.7435,220.5,215.58,220.65,215.41,2021-09-09,65820
2.21811e6,214.4744,216.5,213.75,216.99,213.55,2021-09-10,47944
2.590508e6,216.8826,217.06,216.72,219.05,215.07,2021-09-13,53552
2.031358e6,216.1983,217.6025,216.04,217.92,215.12,2021-09-14,43865
2.586326e6,218.3979,216.77,218.13,219.92,215.86,2021-09-15,45570
2.695607e6,216.6792,218.02,217.36,218.65,214.0,2021-09-16,45806
5.65994e6,218.7288,217.23,219.38,219.88,215.87,2021-09-17,42735
3.292974e6,215.9826,218.3831,215.11,219.85,214.275,2021-09-20,54923
2.112202e6,215.8838,215.71,215.36,218.1,214.36,2021-09-21,33722
2.5429e6,214.3548,216.56,213.64,216.56,213.46,2021-09-22,42370
2.181541e6,214.6291,212.51,215.05,215.555,212.3,2021-09-23,38393
1.908756e6,213.8665,214.75,213.61,215.53,213.2,2021-09-24,35621
1.942971e6,213.3801,213.25,213.11,214.95,212.695,2021-09-27,34263
2.919009e6,212.7229,212.3,212.27,214.76,211.65,2021-09-28,48638
1.900914e6,214.8419,212.5,214.9,216.8,211.85,2021-09-29,38174
2.530723e6,213.988,215.7907,212.65,216.67,212.52,2021-09-30,45229
2.62959e6,213.2334,213.59,213.92,214.61,210.8,2021-10-01,49171
2.856359e6,212.0705,214.1,211.44,215.64,210.77,2021-10-04,52501
2.48217e6,212.4474,211.21,211.86,213.99,211.08,2021-10-05,39067
2.928189e6,210.1776,211.32,209.98,212.08,208.965,2021-10-06,49813
3.331677e6,209.9836,208.53,209.12,212.45,208.53,2021-10-07,53715
2.378267e6,209.0202,210.125,208.95,210.18,207.6487,2021-10-08,40032
1.982159e6,207.6714,209.06,206.7,209.89,206.59,2021-10-11,36370
3.543954e6,202.6489,207.43,201.89,207.5615,200.47,2021-10-12,64447
3.303448e6,203.5458,202.8175,203.61,204.89,202.0978,2021-10-13,49698
3.015116e6,206.6092,204.49,206.78,207.5,204.49,2021-10-14,48109
3.672235e6,207.6257,208.49,207.84,209.02,206.23,2021-10-15,42254
2.812533e6,203.4485,206.36,203.13,207.0,202.45,2021-10-18,46935
2.480608e6,205.8264,204.49,206.78,206.9,203.0763,2021-10-19,40906
2.308624e6,209.6801,207.4,209.66,211.59,206.25,2021-10-20,41801
1.921075e6,208.9288,210.15,208.99,210.2584,207.67,2021-10-21,31140
1.349344e6,209.488,209.7,209.24,210.5,208.5,2021-10-22,27272
1.916576e6,207.8133,209.5,207.63,209.82,206.97,2021-10-25,36307
1.664374e6,208.9056,208.2,208.68,209.98,207.63,2021-10-26,31709
2.003318e6,206.9188,209.87,206.58,210.4,205.81,2021-10-27,39145
2.166622e6,207.1163,207.09,207.17,209.49,205.61,2021-10-28,39485
2.59225e6,206.4242,206.35,206.97,207.7,204.2,2021-10-29,38703
3.105329e6,210.2216,208.0,209.79,212.09,207.77,2021-11-01,46185
3.329255e6,212.7653,210.5105,214.26,214.72,208.14,2021-11-02,61179
3.775593e6,216.6594,210.9135,218.13,219.2541,209.8,2021-11-03,60169
2.781309e6,214.3927,218.3,214.93,218.45,211.72,2021-11-04,48747
2.300113e6,214.3503,215.61,213.77,217.42,212.73,2021-11-05,46031
2.532851e6,211.8851,214.06,211.37,214.44,210.93,2021-11-08,46055
2.296367e6,211.9066,211.02,211.71,213.7,210.47,2021-11-09,42119
2.360598e6,213.8502,213.28,213.21,215.5,212.53,2021-11-10,44951
2.615911e6,211.8059,214.08,211.56,214.08,210.56,2021-11-11,46279
4.614209e6,211.4122,212.3,211.39,212.875,210.38,2021-11-12,44393
3.129183e6,208.2501,210.69,207.4,210.89,207.08,2021-11-15,50479
2.94247e6,206.4568,208.0293,205.39,209.04,205.27,2021-11-16,43483
3.329312e6,206.0647,205.21,205.82,207.35,203.6,2021-11-17,39670
4.261577e6,205.0361,205.63,204.02,206.23,203.73,2021-11-18,37225
3.217871e6,205.525,205.27,206.08,206.2,203.67,2021-11-19,44026
2.835493e6,203.3183,205.45,202.73,206.3,200.75,2021-11-22,49787
2.149297e6,204.2142,202.23,204.53,205.48,201.27,2021-11-23,39729
1.699781e6,203.9732,204.3,203.97,205.28,202.95,2021-11-24,29021
3.197934e6,202.2748,204.74,201.09,206.0,200.52,2021-11-26,40942
2.519902e6,203.528,202.48,203.47,204.83,201.5901,2021-11-29,45748
5.400103e6,200.0233,202.73,198.88,203.87,198.73,2021-11-30,68632
3.058566e6,202.2347,200.44,200.8,205.64,198.64,2021-12-01,53098
2.858152e6,201.5885,200.73,201.17,203.1025,199.31,2021-12-02,46829
3.591874e6,202.3022,201.38,202.44,203.8,200.835,2021-12-03,49367
3.998627e6,209.3225,206.38,208.79,211.79,205.97,2021-12-06,68369
3.309538e6,210.8819,209.1494,211.32,212.44,207.3601,2021-12-07,60928
2.624393e6,212.8896,212.89,213.53,213.91,210.43,2021-12-08,46609
2.699809e6,212.6439,213.53,212.57,213.98,209.5,2021-12-09,40594
2.812179e6,211.1216,213.3,210.89,214.45,210.01,2021-12-10,46450
2.72128e6,211.4883,210.4295,211.39,213.19,209.0,2021-12-13,48269
2.602558e6,213.5711,211.32,213.74,214.805,210.23,2021-12-14,45821
3.924692e6,217.3528,214.0,219.25,219.5025,213.12,2021-12-15,64502
6.027165e6,224.2474,220.0,222.58,231.04,220.0,2021-12-16,106536
6.4286e6,222.0485,222.685,222.5,224.16,219.32,2021-12-17,61624
2.922319e6,219.9727,222.25,219.99,222.49,218.69,2021-12-20,53115
2.987556e6,221.0933,220.55,220.92,223.25,219.96,2021-12-21,46915
