timestamp,open,high,low,close,adjusted_close,volume,dividend_amount,split_coefficient
2015-10-22,30.19,30.4537,30.19,30.38,22.783580678,2990,0.0,1.0
2015-10-23,30.44,30.45,30.2,30.23,22.6710876858,16450,0.0,1.0
2015-10-26,30.64,30.64,30.05,30.12,22.5885928249,41364,0.0,1.0
2015-10-27,30.06,30.06,29.83,29.92,22.4386021687,25980,0.0,1.0
2015-10-28,30.06,30.15,29.75,29.75,22.3111101109,8306,0.0,1.0
2015-10-29,29.8,29.98,29.8,29.976,22.4805995525,4050,0.0,1.0
2015-10-30,30.19,30.19,29.94,30.13,22.5960923577,4184,0.0,1.0
2015-11-02,30.29,30.29,30.1,30.1,22.5735937593,470,0.0,1.0
2015-11-03,30.32,30.46,30.27,30.45,22.8360774077,3839,0.0,1.0
2015-11-04,30.73,30.73,30.26,30.3,22.7235844155,5310,0.0,1.0
2015-11-05,30.49,30.49,30.1599,30.1599,22.6185159608,13840,0.0,1.0
2015-11-06,30.0,30.0,29.5757,29.65,22.2361147828,2718,0.0,1.0
2015-11-09,29.55,29.55,29.448,29.4848,22.1122225008,1761,0.0,1.0
2015-11-10,29.59,29.59,29.55,29.58,22.1836180532,10950,0.0,1.0
2015-11-11,29.6034,29.61,29.57,29.57,22.1761185204,13554,0.0,1.0
2015-11-12,29.51,29.51,29.2565,29.29,21.9661316017,4276,0.0,1.0
2015-11-13,29.23,29.23,28.9143,28.9534,21.7136973273,4283,0.0,1.0
2015-11-16,28.97,29.42,28.97,29.42,22.0636255282,7680,0.0,1.0
2015-11-17,29.59,29.59,29.2,29.2,21.8986358064,7020,0.0,1.0
2015-11-18,29.42,29.6734,29.33,29.6734,22.2536636896,5283,0.0,1.0
2015-11-19,29.72,29.742,29.7,29.74,22.3036105781,1209,0.0,1.0
2015-11-20,29.82,29.86,29.82,29.84,22.3786059062,10646,0.0,1.0
2015-11-23,29.88,29.88,29.7,29.7,22.2736124469,4326,0.0,1.0
2015-11-24,29.66,29.86,29.57,29.86,22.3936049719,5771,0.0,1.0
2015-11-25,29.99,29.99,29.7934,29.83,22.3711063734,1520,0.0,1.0
2015-11-27,29.78,29.78,29.78,29.78,22.3336087094,854,0.0,1.0
2015-11-30,29.85,31.19,29.73,29.73,22.2961110453,65742,0.0,1.0
2015-12-01,29.94,29.95,29.79,29.95,22.4611007671,4382,0.0,1.0
2015-12-02,29.83,29.83,29.4,29.41,22.0561259954,20449,0.0,1.0
2015-12-03,29.74,29.74,29.21,29.21,21.9061353392,2368,0.0,1.0
2015-12-04,29.29,29.4048,29.21,29.21,21.9061353392,572,0.0,1.0
2015-12-07,29.6,29.6,29.2198,29.2198,21.9134848813,1636,0.0,1.0
2015-12-08,29.06,29.18,29.06,29.1612,21.8695376191,1354,0.0,1.0
2015-12-09,29.14,29.52,28.96,29.0,21.7486451502,56373,0.0,1.0
2015-12-10,29.13,29.24,29.02,29.1,21.8236404783,2219,0.0,1.0
2015-12-11,28.87,28.87,28.64,28.67,21.5011605674,6261,0.0,1.0
2015-12-14,28.71,28.712,28.46,28.712,21.5326586052,3438,0.0,1.0
2015-12-15,29.07,29.216,29.07,29.1,21.8236404783,1939,0.0,1.0
2015-12-16,29.41,29.6269,29.288,29.605,22.2023668852,2081,0.0,1.0
2015-12-17,29.91,29.91,29.34,29.39,22.0411269298,3609,0.0,1.0
2015-12-18,28.91,28.91,28.604,28.6832,21.7594144793,3285,0.3312,1.0
2015-12-21,29.02,29.02,28.51,28.51,21.6280229125,17485,0.0,1.0
2015-12-22,28.7,28.84,28.7,28.84,21.8783648122,4431,0.0,1.0
2015-12-23,29.19,29.42,29.19,29.35,22.2652568391,64078,0.0,1.0
2015-12-24,29.41,29.45,29.41,29.45,22.3411180208,1724,0.0,1.0
2015-12-28,29.38,29.38,29.285,29.2943,22.2230021609,18722,0.0,1.0
2015-12-29,29.63,29.63,29.5601,29.601,22.4556684052,3392,0.0,1.0
2015-12-30,29.83,29.83,29.44,29.457,22.3464283035,14796,0.0,1.0
2015-12-31,29.49,29.49,29.1201,29.256,22.1939473283,9315,0.0,1.0
2016-01-04,29.24,29.24,28.7,29.0171,22.0127149651,22075,0.0,1.0
2016-01-05,29.12,29.2658,28.944,29.2658,22.2013817241,7772,0.0,1.0
2016-01-06,29.17,29.17,28.7699,28.7699,21.8251861238,34757,0.0,1.0
2016-01-07,28.5,28.64,28.3,28.3,21.4687144309,31055,0.0,1.0
2016-01-08,28.52,28.54,28.07,28.07,21.2942337129,4708,0.0,1.0
2016-01-11,28.29,28.29,27.93,28.07,21.2942337129,6346,0.0,1.0
2016-01-12,28.52,28.52,27.9,28.079,21.3010612192,1203,0.0,1.0
2016-01-13,28.27,28.27,27.59,27.61,20.9452722769,8431,0.0,1.0
2016-01-14,28.05,28.05,27.75,27.9079,21.1712627373,1489,0.0,1.0
2016-01-15,29.28,29.28,27.3999,27.654,20.9786511969,38264,0.0,1.0
2016-01-19,28.03,28.03,27.451,27.755,21.0552709904,16816,0.0,1.0
2016-01-20,27.47,27.52,26.6925,27.19,20.6266553136,23114,0.0,1.0
2016-01-21,27.11,27.57,27.11,27.54,20.8921694497,6456,0.0,1.0
2016-01-22,27.76,28.084,27.76,28.084,21.3048542783,15519,0.0,1.0
2016-01-25,27.88,27.99,27.66,27.66,20.9832028678,6331,0.0,1.0
2016-01-26,27.85,28.14,27.85,28.09,21.3094059492,3065,0.0,1.0
2016-01-27,28.12,28.32,27.9446,28.0,21.2411308857,8325,0.0,1.0
2016-01-28,28.154,28.3468,28.151,28.3468,21.5042174639,2294,0.0,1.0
2016-01-29,28.65,28.96,28.542,28.928,21.9451226522,71839,0.0,1.0
2016-02-01,28.87,28.87,28.68,28.835,21.8745717532,6159,0.0,1.0
2016-02-02,28.77,28.77,28.3401,28.3401,21.4991347647,3939,0.0,1.0
2016-02-03,28.75,29.04,28.3899,29.04,22.0300871757,3524,0.0,1.0
2016-02-04,29.07,29.4701,29.07,29.2799,22.2120781507,33030,0.0,1.0
2016-02-05,29.01,29.2194,29.01,29.08,22.0604316484,1561,0.0,1.0
2016-02-08,28.632,28.632,28.33,28.585,21.6849187988,19954,0.0,1.0
2016-02-09,28.43,28.4447,28.2499,28.32,21.4838866672,6943,0.0,1.0
2016-02-10,28.75,28.75,28.14,28.14,21.3473365401,1466,0.0,1.0
2016-02-11,27.92,28.07,27.55,27.73,21.036305695,5039,0.0,1.0
2016-02-12,28.17,28.17,27.9437,28.006,21.2456825566,3502,0.0,1.0
2016-02-16,28.51,28.6679,28.23,28.6679,21.7478077185,7511,0.0,1.0
2016-02-17,29.05,29.25,28.9,29.2,22.1514650665,8798,0.0,1.0
2016-02-18,29.2822,29.49,29.254,29.44,22.3335319026,76651,0.0,1.0
2016-02-19,28.9372,29.09,28.9372,29.09,22.0680177666,7586,0.0,1.0
2016-02-22,29.48,29.63,29.4428,29.63,22.4776681479,11168,0.0,1.0
2016-02-23,29.71,29.71,29.4,29.4199,22.3182838051,4461,0.0,1.0
2016-02-24,29.0,29.59,28.998,29.59,22.4473236752,4434,0.0,1.0
2016-02-25,29.6,29.8315,29.6,29.8315,22.6305284291,2518,0.0,1.0
2016-02-26,30.19,30.19,29.8,29.8,22.6066321569,8605,0.0,1.0
2016-02-29,30.16,30.16,29.77,29.82,22.6218043932,8278,0.0,1.0
2016-03-01,29.928,30.13,29.928,30.0296,22.7808094302,10214,0.0,1.0
2016-03-02,30.3,30.4191,30.007,30.4191,23.076288733,4454,0.0,1.0
2016-03-03,30.63,30.97,30.5563,30.97,23.4942079832,3846,0.0,1.0
2016-03-04,31.15,31.43,30.836,31.2504,23.7069227368,14047,0.0,1.0
2016-03-07,31.24,31.815,31.24,31.5895,23.964168004,7108,0.0,1.0
2016-03-08,31.77,31.77,31.06,31.06,23.5624830467,9086,0.0,1.0
2016-03-09,31.14,31.3375,31.123,31.2,23.6686887012,8256,0.0,1.0
2016-03-10,31.12,31.41,30.9643,31.21,23.6762748193,8708,0.0,1.0
2016-03-11,31.69,31.7472,31.67,31.7256,24.0674150724,5996,0.0,1.0
2016-03-14,31.75,31.76,31.57,31.76,24.0935113189,5567,0.0,1.0
2016-03-15,31.3492,31.36,31.2338,31.36,23.7900665919,1561,0.0,1.0
2016-03-16,31.548,32.0004,31.47,31.9722,24.2544887465,6131,0.0,1.0
2016-03-17,31.98,32.464,31.98,32.4158,24.5910089487,10326,0.0,1.0
2016-03-18,33.74,34.03,31.9601,32.156,24.6042027254,17949,0.2772,1.0
2016-03-21,32.3,32.3,31.8701,32.06,24.530748208,10046,0.0,1.0
2016-03-22,32.01,32.125,31.8801,31.96,24.4542330857,52150,0.0,1.0
2016-03-23,32.0,32.11,31.5801,31.6999,24.2552172526,13359,0.0,1.0
2016-03-24,31.65,31.72,31.3742,31.59,24.1711271332,9484,0.0,1.0
2016-03-28,31.89,31.89,31.5,31.78,24.3165058656,3873,0.0,1.0
2016-03-29,31.76,32.1299,31.445,32.1299,24.5842322785,8770,0.0,1.0
2016-03-30,32.4,32.4,32.055,32.06,24.530748208,19628,0.0,1.0
2016-03-31,32.2599,32.2599,32.185,32.185,24.6263921109,3417,0.0,1.0
2016-04-01,32.08,32.108,31.8535,32.108,24.5674754667,5220,0.0,1.0
2016-04-04,32.25,32.25,31.9338,31.9338,24.4341861237,8208,0.0,1.0
2016-04-05,32.0,32.0,31.49,31.49,24.0946120109,8705,0.0,1.0
2016-04-06,31.72,31.7799,31.5898,31.7799,24.3164293505,6392,0.0,1.0
2016-04-07,31.73,32.2999,31.365,32.009,24.4917254957,13843,0.0,1.0
2016-04-08,31.9,31.916,31.57,31.57,24.1558241088,5269,0.0,1.0
2016-04-11,31.83,32.0199,31.7747,31.8585,24.3765702366,10756,0.0,1.0
2016-04-12,31.93,32.111,31.83,32.111,24.5697709204,11022,0.0,1.0
2016-04-13,32.3,32.36,32.15,32.3224,24.7315238889,3914,0.0,1.0
2016-04-14,32.4,32.4,32.11,32.24,24.6684754282,8513,0.0,1.0
2016-04-15,32.29,32.3099,32.1879,32.2715,24.6925776917,6018,0.0,1.0
2016-04-18,32.27,32.4471,32.0,32.33,24.7373390382,5414,0.0,1.0
2016-04-19,32.32,32.78,32.32,32.776,25.0785964837,4160,0.0,1.0
2016-04-20,32.6999,32.79,32.56,32.5908,24.9368904772,50972,0.0,1.0
2016-04-21,32.72,32.72,32.15,32.1732,24.6173633265,1935,0.0,1.0
2016-04-22,32.21,32.496,32.21,32.4,24.7908996238,34935,0.0,1.0
2016-04-25,32.48,32.48,32.07,32.34,24.7449905505,18070,0.0,1.0
2016-04-26,32.49,32.62,32.46,32.61,24.9515813807,23008,0.0,1.0
2016-04-27,32.61,33.0645,32.61,33.0,25.2499903576,5886,0.0,1.0
2016-04-28,33.0,33.028,32.671,32.69,25.0127934785,14425,0.0,1.0
2016-04-29,32.76,32.8,32.3434,32.633,24.9691798588,128407,0.0,1.0
2016-05-02,32.85,32.85,32.5463,32.73,25.0433995274,16148,0.0,1.0
2016-05-03,32.64,32.64,32.2434,32.375,24.7717708433,25231,0.0,1.0
2016-05-04,32.26,32.48,32.26,32.4,24.7908996238,22215,0.0,1.0
2016-05-05,32.61,32.61,32.1596,32.22,24.6531724037,4243,0.0,1.0
2016-05-06,32.26,32.3396,32.18,32.3004,24.714690562,7190,0.0,1.0
2016-05-09,32.38,32.38,32.1979,32.3399,24.7449140353,6332,0.0,1.0
2016-05-10,32.49,32.6,32.3261,32.6,24.9439298684,18819,0.0,1.0
2016-05-11,32.64,32.64,32.2301,32.32,24.729687526,10178,0.0,1.0
2016-05-12,32.52,32.52,32.3001,32.36,24.7602935749,5046,0.0,1.0
2016-05-13,32.23,32.3099,32.0,32.0416,24.5166694255,10743,0.0,1.0
2016-05-16,32.18,32.3899,32.18,32.332,24.7388693407,13416,0.0,1.0
2016-05-17,32.61,32.61,32.0,32.09,24.5537027447,16092,0.0,1.0
2016-05-18,32.13,32.13,31.41,31.56,24.1481725965,29622,0.0,1.0
2016-05-19,31.27,31.59,31.25,31.53,24.1252180599,10509,0.0,1.0
2016-05-20,31.6,31.79,31.6,31.69,24.2476422555,38853,0.0,1.0
2016-05-23,31.8,31.83,31.69,31.69,24.2476422555,13547,0.0,1.0
2016-05-24,32.24,32.24,31.87,32.05,24.5230966958,13769,0.0,1.0
2016-05-25,32.0805,32.31,32.0805,32.3,24.7143845015,19767,0.0,1.0
2016-05-26,32.7,32.7,32.2899,32.3758,24.7723829642,7614,0.0,1.0
2016-05-27,32.25,32.51,32.25,32.5,24.8674147461,14579,0.0,1.0
2016-05-31,32.56,32.71,32.47,32.65,24.9821874296,11890,0.0,1.0
2016-06-01,32.66,32.66,32.5,32.6486,24.9811162179,1972,0.0,1.0
2016-06-02,32.73,32.84,32.6361,32.84,25.1275661619,10004,0.0,1.0
2016-06-03,32.75,33.05,32.75,33.02,25.2652933821,24992,0.0,1.0
2016-06-06,33.13,33.33,33.1,33.29,25.4718842123,16498,0.0,1.0
2016-06-07,33.66,33.66,33.42,33.5,25.6325659691,56415,0.0,1.0
2016-06-08,33.9,33.9,33.51,33.58,25.6937780669,34847,0.0,1.0
2016-06-09,33.74,33.74,33.3,33.54,25.663172018,8663,0.0,1.0
2016-06-10,33.3,33.3,33.01,33.13,25.3494600166,17345,0.0,1.0
2016-06-13,33.092,33.2,32.9198,32.93,25.196429772,11728,0.0,1.0
2016-06-14,32.84,32.8498,32.71,32.7984,25.0957358711,8071,0.0,1.0
2016-06-15,32.94,33.015,32.8379,32.84,25.1275661619,22971,0.0,1.0
2016-06-16,32.74,32.99,32.54,32.99,25.2423388454,35893,0.0,1.0
2016-06-17,32.81,32.88,32.6643,32.88,25.4073023884,5947,0.3256,1.0
2016-06-20,33.43,33.43,33.047,33.09,25.5695753052,4279,0.0,1.0
2016-06-21,33.21,33.24,32.98,33.1273,25.5983980661,13158,0.0,1.0
2016-06-22,33.038,33.16,32.98,33.0,25.5000297694,7040,0.0,1.0
2016-06-23,33.25,33.34,33.1847,33.34,25.7627573489,6781,0.0,1.0
2016-06-24,32.18,33.03,32.18,32.53,25.1368475272,64088,0.0,1.0
2016-06-27,32.25,32.6,31.75,31.878,24.6330287573,34516,0.0,1.0
2016-06-28,32.29,32.45,32.0885,32.45,25.0750292733,92795,0.0,1.0
2016-06-29,32.72,33.06,32.695,33.02,25.5154843329,47090,0.0,1.0
2016-06-30,33.22,33.53,32.95,33.53,25.9095757021,13120,0.0,1.0
2016-07-01,33.55,33.87,33.341,33.65,26.0023030831,28456,0.0,1.0
2016-07-05,33.62,33.62,33.2201,33.39,25.8013937576,20130,0.0,1.0
2016-07-06,33.15,33.49,33.0601,33.47,25.8632120116,23101,0.0,1.0
2016-07-07,33.58,33.58,33.1599,33.24,25.6854845314,6874,0.0,1.0
2016-07-08,33.35,33.82,33.35,33.82,26.1336668728,25981,0.0,1.0
2016-07-11,34.02,34.02,33.8,33.98,26.2573033808,18263,0.0,1.0
2016-07-12,34.19,34.47,34.19,34.35,26.5432128054,25006,0.0,1.0
2016-07-13,34.49,34.49,34.196,34.364,26.5540309999,8989,0.0,1.0
2016-07-14,34.74,34.74,34.3451,34.423,26.5996219622,9435,0.0,1.0
2016-07-15,34.54,34.706,34.3899,34.591,26.7294402956,12260,0.0,1.0
2016-07-18,34.82,34.82,34.45,34.64,26.7673039761,23815,0.0,1.0
2016-07-19,34.65,34.66,34.37,34.48,26.6436674682,12554,0.0,1.0
2016-07-20,34.78,34.8199,34.33,34.52,26.6745765952,20188,0.0,1.0
2016-07-21,34.5,34.5699,34.3848,34.44,26.6127583412,28468,0.0,1.0
2016-07-22,34.53,34.67,34.4835,34.67,26.7904858214,24654,0.0,1.0
2016-07-25,34.93,34.93,34.431,34.5,26.6591220317,26466,0.0,1.0
2016-07-26,34.58,34.676,34.391,34.59,26.7286675674,10630,0.0,1.0
2016-07-27,34.76,34.76,34.29,34.3323,26.5295355167,18011,0.0,1.0
2016-07-28,34.24,34.3798,34.15,34.37,26.5586673689,10191,0.0,1.0
2016-07-29,34.23,34.62,34.23,34.62,26.7518494126,7357,0.0,1.0
2016-08-01,34.68,34.68,34.311,34.38,26.5663946507,16865,0.0,1.0
2016-08-02,34.38,34.38,33.7301,33.8391,26.1484259809,23202,0.0,1.0
2016-08-03,33.71,34.0799,33.71,34.0535,26.3140989016,7929,0.0,1.0
2016-08-04,34.13,34.13,33.9,33.9476,26.2322669879,6242,0.0,1.0
2016-08-05,34.26,34.26,34.09,34.2099,26.4349535881,12449,0.0,1.0
2016-08-08,34.3,34.4,34.285,34.31,26.5123036784,10307,0.0,1.0
2016-08-09,34.31,34.31,34.1,34.1299,26.3731353342,10412,0.0,1.0
2016-08-10,34.65,34.65,34.05,34.05,26.311394353,23295,0.0,1.0
2016-08-11,34.34,34.4899,34.07,34.44,26.6127583412,23407,0.0,1.0
2016-08-12,34.5326,34.6131,34.414,34.414,26.5926674086,3129,0.0,1.0
2016-08-15,34.57,34.7,34.57,34.6,26.7363948491,15969,0.0,1.0
2016-08-16,34.58,34.58,34.42,34.42,26.5973037777,9205,0.0,1.0
2016-08-17,34.51,34.51,34.14,34.49,26.6513947499,8859,0.0,1.0
2016-08-18,34.51,34.708,34.51,34.6733,26.7930358244,7444,0.0,1.0
2016-08-19,34.5,34.6,34.48,34.55,26.6977584404,7180,0.0,1.0
2016-08-22,34.55,34.55,34.37,34.5,26.6591220317,16143,0.0,1.0
2016-08-23,34.69,34.863,34.69,34.81,26.8986677659,9615,0.0,1.0
2016-08-24,34.91,34.91,34.515,34.515,26.6707129543,10135,0.0,1.0
2016-08-25,34.47,34.67,34.47,34.64,26.7673039761,9549,0.0,1.0
2016-08-26,34.75,34.969,34.345,34.48,26.6436674682,10916,0.0,1.0
2016-08-29,34.6,34.7725,34.6,34.73,26.8368495119,21005,0.0,1.0
2016-08-30,34.79,34.79,34.56,34.6392,26.7666857936,15641,0.0,1.0
2016-08-31,34.69,34.69,34.32,34.48,26.6436674682,8036,0.0,1.0
2016-09-01,34.49,34.49,34.1882,34.292,26.4983945713,11980,0.0,1.0
2016-09-02,34.64,34.6999,34.5,34.59,26.7286675674,14640,0.0,1.0
2016-09-06,34.64,34.6999,34.52,34.685,26.802076744,17118,0.0,1.0
2016-09-07,34.73,35.02,34.73,35.02,27.0609406826,26991,0.0,1.0
2016-09-08,35.26,35.26,34.88,34.97,27.0223042738,13897,0.0,1.0
2016-09-09,34.81,34.81,33.9,33.9,26.1954851268,25078,0.0,1.0
2016-09-12,33.78,34.455,33.67,34.4156,26.5939037737,8801,0.0,1.0
2016-09-13,34.05,34.05,33.55,33.7425,26.0737804392,6199,0.0,1.0
2016-09-14,33.74,33.92,33.5582,33.5732,25.9429575592,5677,0.0,1.0
2016-09-15,33.65,34.0045,33.5958,33.97,26.249576099,8287,0.0,1.0
2016-09-16,33.91,33.91,33.45,33.59,26.2079291413,7558,0.3261,1.0
2016-09-19,33.68,33.8935,33.64,33.74,26.3249636567,14782,0.0,1.0
2016-09-20,33.8,33.8,33.59,33.6,26.2157314423,8443,0.0,1.0
2016-09-21,33.79,34.09,33.7,34.0601,26.5747153125,7007,0.0,1.0
2016-09-22,34.34,34.41,34.13,34.36,26.8087063202,9078,0.0,1.0
2016-09-23,34.33,34.39,34.25,34.26,26.7306833099,3741,0.0,1.0
2016-09-26,34.21,34.21,34.01,34.01,26.5356257843,14333,0.0,1.0
2016-09-27,34.08,34.128,33.95,34.048,26.5652745282,7635,0.0,1.0
2016-09-28,34.51,34.51,33.985,34.39,26.8321132233,9205,0.0,1.0
2016-09-29,34.41,34.45,34.086,34.12,26.6214510956,16419,0.0,1.0
2016-09-30,34.2818,34.43,34.27,34.34,26.7931017181,4757,0.0,1.0
2016-10-03,34.32,34.32,34.0513,34.13,26.6292533966,5661,0.0,1.0
2016-10-04,34.22,34.22,33.69,33.78,26.3561728608,21649,0.0,1.0
2016-10-05,33.95,33.99,33.915,33.94,26.4810096772,3465,0.0,1.0
2016-10-06,33.99,33.99,33.77,33.9297,26.4729733071,4036,0.0,1.0
2016-10-07,34.06,34.15,33.76,33.89,26.441998172,17674,0.0,1.0
2016-10-10,34.17,34.17,33.97,34.01,26.5356257843,14211,0.0,1.0
2016-10-11,33.95,33.95,33.47,33.58,26.2001268403,34846,0.0,1.0
2016-10-12,33.56,33.7299,33.56,33.705,26.2976556031,5040,0.0,1.0
2016-10-13,33.65,33.74,33.2,33.7,26.2937544526,68053,0.0,1.0
2016-10-14,33.79,33.83,33.48,33.48,26.12210383,99522,0.0,1.0
2016-10-17,33.52,33.58,33.4001,33.43,26.0830923249,14943,0.0,1.0
2016-10-18,33.64,33.7335,33.5,33.642,26.2485011066,20074,0.0,1.0
2016-10-19,33.71,33.89,33.5914,33.82,26.3873820649,27441,0.0,1.0
2016-10-20,33.86,33.86,33.646,33.7843,26.3595278502,9262,0.0,1.0
2016-10-21,33.68,33.79,33.524,33.79,26.3639751618,9593,0.0,1.0
2016-10-24,33.97,33.98,33.6974,33.87,26.42639357,82688,0.0,1.0
2016-10-25,33.81,33.8527,33.66,33.71,26.3015567536,15081,0.0,1.0
2016-10-26,33.68,33.79,33.54,33.735,26.3210625061,15232,0.0,1.0
2016-10-27,33.95,33.95,33.4435,33.4435,26.0936254313,17602,0.0,1.0
2016-10-28,33.4,33.7,33.36,33.48,26.12210383,12191,0.0,1.0
2016-10-31,33.53,33.5699,33.4752,33.51,26.1455107331,17626,0.0,1.0
2016-11-01,33.65,33.65,32.85,33.035,25.7749014344,22072,0.0,1.0
2016-11-02,33.0,33.0,32.58,32.68,25.4979197481,18785,0.0,1.0
2016-11-03,32.73,32.74,32.485,32.485,25.3457748781,21943,0.0,1.0
2016-11-04,32.69,32.84,32.55,32.6,25.4355013399,20466,0.0,1.0
2016-11-07,33.14,33.28,33.008,33.27,25.9582555085,29224,0.0,1.0
2016-11-08,33.32,33.53,33.15,33.47,26.114301529,39545,0.0,1.0
2016-11-09,33.71,33.887,33.1,33.79,26.3639751618,139748,0.0,1.0
2016-11-10,34.13,34.27,33.907,34.12,26.6214510956,76512,0.0,1.0
2016-11-11,34.07,34.1594,33.8817,34.1,26.6058464935,34761,0.0,1.0
2016-11-14,34.44,34.48,34.2215,34.46,26.8867293304,68396,0.0,1.0
2016-11-15,34.91,34.91,34.46,34.69,27.066182254,66915,0.0,1.0
2016-11-16,34.7,34.7,34.46,34.5896,26.9878471517,42891,0.0,1.0
2016-11-17,34.75,34.75,34.57,34.71,27.081786856,68663,0.0,1.0
2016-11-18,34.94,34.94,34.602,34.64,27.0271707489,50547,0.0,1.0
2016-11-21,34.91,34.97,34.83,34.97,27.2846466827,61438,0.0,1.0
2016-11-22,35.09,35.11,35.0,35.11,27.393878897,57020,0.0,1.0
2016-11-23,35.12,35.145,34.995,35.13,27.4094834991,39447,0.0,1.0
2016-11-25,35.24,35.28,35.1901,35.2407,27.4958549714,18314,0.0,1.0
2016-11-28,35.32,35.59,35.0155,35.0498,27.3469090449,36074,0.0,1.0
2016-11-29,35.1,35.1385,34.946,35.0575,27.3529168166,31508,0.0,1.0
2016-11-30,35.23,35.315,35.101,35.21,27.4719019073,32309,0.0,1.0
2016-12-01,35.32,35.369,34.9688,35.02,27.3236581878,57726,0.0,1.0
2016-12-02,35.34,35.34,35.004,35.09,27.378274295,42903,0.0,1.0
2016-12-05,35.53,35.53,35.2218,35.3805,27.6049311397,38594,0.0,1.0
2016-12-06,35.57,35.57,35.3,35.52,27.713773239,64885,0.0,1.0
2016-12-07,35.57,36.2999,35.57,36.276,28.3036271965,94169,0.0,1.0
2016-12-08,36.29,36.49,35.96,36.4032,28.4028724655,102859,0.0,1.0
2016-12-09,36.47,36.48,36.26,36.4125,28.4101286055,34238,0.0,1.0
2016-12-12,36.39,36.465,36.1557,36.23,28.2677366118,43068,0.0,1.0
2016-12-13,36.4,36.45,36.152,36.38,28.3847711271,64675,0.0,1.0
2016-12-14,36.75,36.75,35.78,35.8,27.9322376677,79352,0.0,1.0
2016-12-15,35.88,36.0799,35.7825,35.94,28.0414698821,33871,0.0,1.0
2016-12-16,35.45,35.45,35.16,35.215,27.932215041,86670,0.585,1.0
2016-12-19,35.28,35.35,35.1544,35.24,27.9520448118,165671,0.0,1.0
2016-12-20,35.4,35.55,35.3346,35.41,28.0868872527,54689,0.0,1.0
2016-12-21,35.48,35.73,35.28,35.28,27.9837724449,34828,0.0,1.0
2016-12-22,35.31,35.31,35.01,35.08,27.8251342791,46660,0.0,1.0
2016-12-23,35.12,35.19,35.07,35.1599,27.8885102264,58532,0.0,1.0
2016-12-27,35.81,35.81,35.2499,35.297,27.997256689,58705,0.0,1.0
2016-12-28,35.45,35.45,34.88,34.9,27.6823599299,51755,0.0,1.0
2016-12-29,35.04,35.04,34.8551,34.96,27.7299513797,44494,0.0,1.0
2016-12-30,35.07,35.07,34.75,34.86,27.6506322968,69545,0.0,1.0
2017-01-03,35.18,35.285,34.95,35.16,27.8885895454,84182,0.0,1.0
2017-01-04,35.41,35.579,35.3954,35.5328,28.1842910865,70224,0.0,1.0
2017-01-05,35.54,35.54,35.0,35.24,27.9520448118,83800,0.0,1.0
2017-01-06,35.33,35.379,35.13,35.3,27.9996362615,105097,0.0,1.0
2017-01-09,35.3,35.3,35.01,35.01,27.7696109211,43897,0.0,1.0
2017-01-10,35.01,35.105,34.88,34.93,27.7061556548,118731,0.0,1.0
2017-01-11,34.92,35.1159,34.8885,35.08,27.8251342791,40969,0.0,1.0
2017-01-12,35.07,35.07,34.72,35.0199,27.7774635103,67168,0.0,1.0
2017-01-13,35.0,35.175,35.0,35.049,27.8005453634,37978,0.0,1.0
2017-01-17,34.93,35.1848,34.93,35.02,27.7775428294,67339,0.0,1.0
2017-01-18,35.13,35.13,34.9187,35.05,27.8013385543,45008,0.0,1.0
2017-01-19,35.24,35.24,34.65,34.77,27.5792451222,54116,0.0,1.0
2017-01-20,34.94,35.05,34.858,34.9425,27.7160705402,66333,0.0,1.0
2017-01-23,34.96,34.96,34.72,34.8748,27.662371521,38942,0.0,1.0
2017-01-24,35.0,35.37,34.955,35.33,28.0234319864,75098,0.0,1.0
2017-01-25,35.59,35.69,35.5325,35.66,28.2851849599,118937,0.0,1.0
2017-01-26,35.67,35.67,35.34,35.36,28.0472277112,51534,0.0,1.0
2017-01-27,35.44,35.44,35.0549,35.12,27.8568619123,57945,0.0,1.0
2017-01-30,35.08,35.08,34.7153,34.93,27.7061556548,48656,0.0,1.0
2017-01-31,34.95,35.11,34.72,35.11,27.848930004,71501,0.0,1.0
2017-02-01,35.41,35.41,34.6496,34.77,27.5792451222,63367,0.0,1.0
2017-02-02,34.72,34.96,34.65,34.94,27.7140875631,36872,0.0,1.0
2017-02-03,35.1,35.2939,35.0,35.24,27.9520448118,60824,0.0,1.0
2017-02-06,35.2,35.2,35.0,35.08,27.8251342791,38704,0.0,1.0
2017-02-07,35.07,35.1,34.9296,34.98,27.7458151962,45644,0.0,1.0
2017-02-08,34.95,35.17,34.91,35.17,27.8965214537,46392,0.0,1.0
2017-02-09,35.24,35.3,35.1501,35.23,27.9441129035,60435,0.0,1.0
2017-02-10,35.3,35.4491,35.24,35.44,28.1106829775,56374,0.0,1.0
2017-02-13,35.69,35.69,35.45,35.61,28.2455254185,78185,0.0,1.0
2017-02-14,35.64,35.64,35.3815,35.62,28.2534573268,67670,0.0,1.0
2017-02-15,35.54,35.68,35.3817,35.61,28.2455254185,58698,0.0,1.0
2017-02-16,35.66,35.7072,35.5344,35.62,28.2534573268,73679,0.0,1.0
2017-02-17,35.49,35.62,35.43,35.62,28.2534573268,50184,0.0,1.0
2017-02-21,35.7,35.9888,35.62,35.97,28.5310741169,76373,0.0,1.0
2017-02-22,36.03,36.03,35.8426,35.95,28.5152103003,51376,0.0,1.0
2017-02-23,36.02,36.1447,35.8399,35.98,28.5390060252,36473,0.0,1.0
2017-02-24,35.88,36.16,35.8,36.16,28.6817803744,22084,0.0,1.0
2017-02-27,36.18,36.28,36.1028,36.22,28.7293718241,56902,0.0,1.0
2017-02-28,36.22,36.22,36.0081,36.08,28.6183251081,59782,0.0,1.0
2017-03-01,36.24,36.35,36.1048,36.21,28.7214399158,61268,0.0,1.0
2017-03-02,36.25,36.25,36.07,36.12,28.6500527412,47527,0.0,1.0
2017-03-03,36.11,36.11,35.8455,36.04,28.5865974749,46974,0.0,1.0
2017-03-06,36.39,36.39,35.7066,35.84,28.4279593091,58747,0.0,1.0
2017-03-07,35.8,35.8,35.5649,35.61,28.2455254185,41797,0.0,1.0
2017-03-08,35.6,35.6,35.34,35.41,28.0868872527,58186,0.0,1.0
2017-03-09,35.4,35.4599,35.0579,35.2,27.9203171786,53344,0.0,1.0
2017-03-10,35.4,35.4637,35.2,35.38,28.0630915278,68944,0.0,1.0
2017-03-13,35.38,35.46,35.27,35.39,28.0710234361,50744,0.0,1.0
2017-03-14,35.29,35.29,35.063,35.25,27.95997672,37547,0.0,1.0
2017-03-15,35.33,35.8422,35.33,35.76,28.3645040428,47212,0.0,1.0
2017-03-16,35.75,36.0463,35.55,35.6,28.2375935102,52193,0.0,1.0
2017-03-17,35.54,35.54,35.3163,35.38,28.3150010032,50947,0.3176,1.0
2017-03-20,35.29,35.4,35.15,35.25,28.2109605812,53590,0.0,1.0
2017-03-21,35.26,35.296,34.8501,34.93,27.9548610809,71837,0.0,1.0
2017-03-22,34.85,34.97,34.6942,34.97,27.9868735184,54154,0.0,1.0
2017-03-23,34.98,35.18,34.8707,34.95,27.9708672996,65441,0.0,1.0
2017-03-24,35.01,35.0499,34.8,34.93,27.9548610809,27478,0.0,1.0
2017-03-27,34.75,35.0,34.68,34.82,27.8668268776,78705,0.0,1.0
2017-03-28,34.69,35.14,34.6801,35.09,28.082910831,48972,0.0,1.0
2017-03-29,35.01,35.24,34.96,35.22,28.186951253,34779,0.0,1.0
2017-03-30,35.21,35.28,35.0601,35.26,28.2189636906,46975,0.0,1.0
2017-03-31,35.29,35.4,35.25,35.26,28.2189636906,43616,0.0,1.0
2017-04-03,35.33,35.33,34.9711,35.16,28.1389325967,46994,0.0,1.0
2017-04-04,35.16,35.22,35.05,35.21,28.1789481436,35997,0.0,1.0
2017-04-05,35.21,35.45,35.07,35.12,28.1069201592,38270,0.0,1.0
2017-04-06,35.18,35.4071,35.08,35.34,28.2829885656,32633,0.0,1.0
2017-04-07,35.33,35.389,35.25,35.25,28.2109605812,32179,0.0,1.0
2017-04-10,35.3,35.4794,35.2875,35.38,28.3150010032,42887,0.0,1.0
2017-04-11,35.37,35.46,35.24,35.44,28.3630196595,24929,0.0,1.0
2017-04-12,35.45,35.4556,35.31,35.38,28.3150010032,29985,0.0,1.0
2017-04-13,35.38,35.447,35.1258,35.16,28.1389325967,38633,0.0,1.0
2017-04-17,35.27,35.3699,35.19,35.36,28.2989947844,30968,0.0,1.0
2017-04-18,35.3,35.4299,35.3,35.41,28.3390103313,35150,0.0,1.0
2017-04-19,35.49,35.49,35.2472,35.27,28.2269667999,20567,0.0,1.0
2017-04-20,35.39,35.45,35.25,35.42,28.3470134407,33135,0.0,1.0
2017-04-21,35.45,35.45,35.22,35.24,28.2029574718,16712,0.0,1.0
2017-04-24,35.59,35.59,35.27,35.41,28.3390103313,48142,0.0,1.0
2017-04-25,35.53,35.5808,35.4601,35.58,28.4750631909,42106,0.0,1.0
2017-04-26,35.58,35.6108,35.367,35.39,28.3230041126,53811,0.0,1.0
2017-04-27,35.44,35.45,35.26,35.27,28.2269667999,19516,0.0,1.0
2017-04-28,35.35,35.35,35.02,35.11,28.0989170498,49416,0.0,1.0
2017-05-01,35.16,35.17,34.96,35.01,28.0188859559,83265,0.0,1.0
2017-05-02,35.09,35.09,34.9775,35.0,28.0108828466,32220,0.0,1.0
2017-05-03,34.95,35.0,34.7933,34.85,27.8908362058,36480,0.0,1.0
2017-05-04,34.89,34.89,34.5198,34.72,27.7867957838,49044,0.0,1.0
2017-05-05,34.77,35.0699,34.77,35.06,28.0589015029,49424,0.0,1.0
2017-05-08,35.14,35.14,34.8501,34.97,27.9868735184,72450,0.0,1.0
2017-05-09,35.0,35.0,34.7914,34.88,27.9148455339,45809,0.0,1.0
2017-05-10,34.93,35.0871,34.8956,35.08,28.0749077216,62108,0.0,1.0
2017-05-11,35.04,35.04,34.694,34.77,27.8268113307,34263,0.0,1.0
2017-05-12,34.8,34.8,34.6501,34.69,27.7627864556,30461,0.0,1.0
2017-05-15,34.68,35.0153,34.68,34.9,27.9308517527,45519,0.0,1.0
2017-05-16,34.96,34.96,34.65,34.71,27.7787926744,53912,0.0,1.0
2017-05-17,34.58,34.62,34.44,34.44,27.562708721,52158,0.0,1.0
2017-05-18,34.44,34.5438,34.263,34.5438,27.6457809964,57209,0.0,1.0
2017-05-19,34.62,34.84,34.47,34.75,27.8108051119,75458,0.0,1.0
2017-05-22,34.8,34.98,34.8,34.95,27.9708672996,35122,0.0,1.0
2017-05-23,35.09,35.09,34.91,34.98,27.9948766278,41564,0.0,1.0
2017-05-24,35.09,35.107,35.0195,35.0854,28.0792294007,21049,0.0,1.0
2017-05-25,35.2,35.2479,35.1207,35.1773,28.1527779759,32073,0.0,1.0
2017-05-26,35.33,35.33,35.05,35.15,28.1309294873,20730,0.0,1.0
2017-05-30,35.14,35.22,35.05,35.16,28.1389325967,44258,0.0,1.0
2017-05-31,35.27,35.27,34.98,35.16,28.1389325967,32685,0.0,1.0
2017-06-01,35.25,35.47,35.1049,35.4677,28.3851882725,54905,0.0,1.0
2017-06-02,35.52,35.55,35.4101,35.45,28.3710227689,34576,0.0,1.0
2017-06-05,35.48,35.48,35.283,35.35,28.290991675,42564,0.0,1.0
2017-06-06,35.33,35.33,35.1502,35.22,28.186951253,42040,0.0,1.0
2017-06-07,35.3,35.3,35.12,35.19,28.1629419249,49030,0.0,1.0
2017-06-08,35.63,35.63,35.02,35.1,28.0909139404,29601,0.0,1.0
2017-06-09,35.2,35.483,35.18,35.483,28.3974330298,49021,0.0,1.0
2017-06-12,35.52,35.733,35.52,35.64,28.5230818472,75113,0.0,1.0
2017-06-13,35.86,35.86,35.59,35.77,28.6271222692,35239,0.0,1.0
2017-06-14,35.8,35.8925,35.66,35.7725,28.6291230465,18469,0.0,1.0
2017-06-15,35.56,35.86,35.56,35.78,28.6351253786,29167,0.0,1.0
2017-06-16,35.51,35.5793,35.38,35.56,28.7333651469,28771,0.3428,1.0
2017-06-19,35.69,35.73,35.6,35.73,28.8707293785,44613,0.0,1.0
2017-06-20,35.73,35.73,35.4544,35.48,28.6687231555,50483,0.0,1.0
2017-06-21,35.52,35.52,35.13,35.2302,28.4668785376,49935,0.0,1.0
2017-06-22,35.28,35.46,35.22,35.3572,28.5694976989,18705,0.0,1.0
2017-06-23,35.38,35.5299,35.38,35.4916,28.6780962443,42333,0.0,1.0
2017-06-26,35.53,35.7274,35.53,35.67,28.822247885,38979,0.0,1.0
2017-06-27,35.69,35.69,35.41,35.43,28.628321911,68691,0.0,1.0
2017-06-28,35.59,35.6655,35.5,35.53,28.7091244001,28399,0.0,1.0
2017-06-29,35.5,35.5,35.12,35.27,28.4990379283,42557,0.0,1.0
2017-06-30,35.31,35.41,35.245,35.3,28.5232786751,32080,0.0,1.0
2017-07-03,35.44,35.632,35.4216,35.6,28.7656861425,12953,0.0,1.0
2017-07-05,35.7,35.7,35.25,35.28,28.5071181772,31513,0.0,1.0
2017-07-06,35.2,35.2,34.7802,34.84,28.1515872249,49854,0.0,1.0
2017-07-07,34.98,35.0,34.84,34.97,28.2566304608,45031,0.0,1.0
2017-07-10,35.01,35.01,34.92,34.92,28.2162292162,82069,0.0,1.0
2017-07-11,34.91,35.0428,34.65,34.8276,28.1415677162,33285,0.0,1.0
2017-07-12,35.07,35.24,35.07,35.1027,28.3638553639,45738,0.0,1.0
2017-07-13,35.16,35.2268,35.0749,35.12,28.3778341946,85247,0.0,1.0
2017-07-14,35.22,35.45,35.22,35.39,28.5960009153,36373,0.0,1.0
2017-07-17,35.43,35.51,35.405,35.42,28.6202416621,41164,0.0,1.0
2017-07-18,35.48,35.48,35.33,35.41,28.6121614131,65034,0.0,1.0
2017-07-19,35.73,35.73,35.35,35.65,28.8060873871,53448,0.0,1.0
2017-07-20,35.68,35.73,35.61,35.65,28.8060873871,55294,0.0,1.0
2017-07-21,35.62,35.68,35.51,35.68,28.8303281339,35914,0.0,1.0
2017-07-24,35.68,35.68,35.5,35.52,28.7010441512,39916,0.0,1.0
2017-07-25,35.51,35.66,35.4746,35.57,28.7414453958,33877,0.0,1.0
2017-07-26,35.63,35.67,35.4955,35.65,28.8060873871,44005,0.0,1.0
2017-07-27,35.73,35.83,35.55,35.83,28.9515318676,30788,0.0,1.0
2017-07-28,35.79,35.79,35.5365,35.64,28.7980071382,23663,0.0,1.0
2017-07-31,35.66,35.75,35.56,35.69,28.8384083828,73163,0.0,1.0
2017-08-01,35.74,35.82,35.571,35.81,28.9353713698,39564,0.0,1.0
2017-08-02,35.78,35.78,35.537,35.63,28.7899268893,55939,0.0,1.0
2017-08-03,35.66,35.74,35.56,35.63,28.7899268893,59153,0.0,1.0
2017-08-04,35.73,35.73,35.6,35.72,28.8626491295,42274,0.0,1.0
2017-08-07,35.73,35.83,35.66,35.75,28.8868898763,44238,0.0,1.0
2017-08-08,35.75,35.8292,35.55,35.66,28.814167636,37147,0.0,1.0
2017-08-09,35.59,35.64,35.4501,35.52,28.7010441512,97235,0.0,1.0
2017-08-10,35.49,35.49,35.1,35.11,28.3697539456,73312,0.0,1.0
2017-08-11,35.19,35.2768,34.91,34.96,28.2485502119,42397,0.0,1.0
2017-08-14,35.24,35.3893,35.2031,35.26,28.4909576794,57535,0.0,1.0
2017-08-15,35.33,35.33,35.13,35.2,28.4424761859,20889,0.0,1.0
2017-08-16,35.32,35.34,35.25,35.25,28.4828774305,23149,0.0,1.0
2017-08-17,35.25,35.25,34.82,34.83,28.143506976,47025,0.0,1.0
2017-08-18,34.82,34.87,34.6,34.68,28.0223032422,78469,0.0,1.0
2017-08-21,34.73,34.87,34.6,34.87,28.1758279716,37512,0.0,1.0
2017-08-22,34.89,35.08,34.89,35.01,28.2889514565,21315,0.0,1.0
2017-08-23,35.0,35.2128,35.0,35.11,28.3697539456,40895,0.0,1.0
2017-08-24,35.2,35.3,35.13,35.13,28.3859144435,23291,0.0,1.0
2017-08-25,35.3,35.4,35.22,35.37,28.5798404175,33430,0.0,1.0
2017-08-28,35.43,35.43,35.07,35.2,28.4424761859,31232,0.0,1.0
2017-08-29,35.08,35.206,35.06,35.15,28.4020749413,24803,0.0,1.0
2017-08-30,35.09,35.15,34.999,35.13,28.3859144435,32360,0.0,1.0
2017-08-31,35.19,35.29,35.17,35.22,28.4586366837,27224,0.0,1.0
2017-09-01,35.26,35.49,35.26,35.44,28.6364021599,29966,0.0,1.0
2017-09-05,35.48,35.48,35.155,35.37,28.5798404175,42969,0.0,1.0
2017-09-06,35.42,35.63,35.42,35.61,28.7737663915,24996,0.0,1.0
2017-09-07,35.63,35.68,35.55,35.68,28.8303281339,51831,0.0,1.0
2017-09-08,35.56,35.78,35.55,35.72,28.8626491295,23062,0.0,1.0
2017-09-11,35.82,36.069,35.812,36.03,29.113136846,49038,0.0,1.0
2017-09-12,36.0,36.158,35.98,36.0131,29.0994812253,67897,0.0,1.0
2017-09-13,36.0,36.1004,36.0,36.08,29.1535380905,23594,0.0,1.0
2017-09-14,36.44,36.44,36.01,36.2,29.2505010775,36599,0.0,1.0
2017-09-15,35.87,36.03,35.844,36.03,29.4063100933,14589,0.3628,1.0
2017-09-18,36.09,36.1134,35.8343,35.91,29.3083706759,48021,0.0,1.0
2017-09-19,35.93,35.99,35.87,35.9056,29.3047795639,23620,0.0,1.0
2017-09-20,35.91,35.95,35.7,35.8,29.2185928765,44707,0.0,1.0
2017-09-21,35.84,35.877,35.73,35.76,29.185946404,34165,0.0,1.0
2017-09-22,35.8,35.8453,35.76,35.82,29.2349161128,26724,0.0,1.0
2017-09-25,35.84,36.09,35.84,36.09,29.455279802,35463,0.0,1.0
2017-09-26,36.23,36.24,36.041,36.11,29.4716030383,86569,0.0,1.0
2017-09-27,36.08,36.0836,35.83,35.95,29.3410171483,32129,0.0,1.0
2017-09-28,35.88,36.04,35.87,36.04,29.4144717114,23104,0.0,1.0
2017-09-29,36.07,36.07,35.95,35.99,29.3736636208,26798,0.0,1.0
2017-10-02,36.05,36.09,35.89,36.07,29.4389565658,50208,0.0,1.0
2017-10-03,36.1,36.1,35.97,36.1,29.4634414202,32653,0.0,1.0
2017-10-04,36.12,36.2,36.06,36.2,29.5450576014,52976,0.0,1.0
2017-10-05,36.18,36.35,36.12,36.2476,29.5839069036,29621,0.0,1.0
2017-10-06,36.23,36.23,36.02,36.1,29.4634414202,36224,0.0,1.0
2017-10-09,36.14,36.24,36.05,36.1,29.4634414202,38845,0.0,1.0
2017-10-10,36.21,36.35,36.146,36.31,29.6348354007,44959,0.0,1.0
2017-10-11,36.34,36.37,36.28,36.34,29.6593202551,38758,0.0,1.0
2017-10-12,36.29,36.405,36.2,36.3708,29.6844580389,46451,0.0,1.0
2017-10-13,36.53,36.63,36.45,36.45,29.7490980544,36999,0.0,1.0
2017-10-16,36.53,36.53,36.3759,36.43,29.7327748182,51364,0.0,1.0
2017-10-17,36.43,36.47,36.315,36.45,29.7490980544,205979,0.0,1.0
2017-10-18,36.6,36.6,36.41,36.5,29.789906145,62236,0.0,1.0
2017-10-19,36.43,36.6,36.3908,36.59,29.8633607081,58942,0.0,1.0
2017-10-20,36.69,36.75,36.6258,36.73,29.9776233619,58520,0.0,1.0
2017-10-23,36.88,36.909,36.67,36.7,29.9531385075,119899,0.0,1.0
2017-10-24,36.76,36.77,36.64,36.68,29.9368152712,90433,0.0,1.0
2017-10-25,36.65,36.65,36.1856,36.39,29.7001283457,145590,0.0,1.0
2017-10-26,36.56,36.56,36.27,36.35,29.6674818732,69277,0.0,1.0
2017-10-27,36.37,36.37,36.0499,36.3,29.6266737826,145264,0.0,1.0
2017-10-30,36.26,36.28,36.107,36.19,29.5368959833,69689,0.0,1.0
2017-10-31,36.2,36.4239,36.0188,36.1658,29.5171448674,83991,0.0,1.0
2017-11-01,36.25,36.36,36.1701,36.24,29.5777040739,156064,0.0,1.0
2017-11-02,36.28,36.46,36.23,36.41,29.7164515819,110675,0.0,1.0
2017-11-03,36.4,36.48,36.27,36.4,29.7082899638,162575,0.0,1.0
2017-11-06,36.4,36.545,36.37,36.49,29.7817445269,106246,0.0,1.0
2017-11-07,36.53,36.5956,36.4432,36.58,29.85519909,202111,0.0,1.0
2017-11-08,36.6,36.76,36.58,36.735,29.9817041709,107119,0.0,1.0
2017-11-09,36.64,36.84,36.53,36.785,30.0225122615,162376,0.0,1.0
2017-11-10,36.73,36.879,36.69,36.84,30.0674011612,95349,0.0,1.0
2017-11-13,36.81,36.93,36.81,36.91,30.124532488,102849,0.0,1.0
2017-11-14,36.84,36.91,36.744,36.91,30.124532488,124794,0.0,1.0
2017-11-15,36.81,36.82,36.61,36.66,29.920492035,108960,0.0,1.0
2017-11-16,36.68,36.97,36.6775,36.83,30.0592395431,234443,0.0,1.0
2017-11-17,36.9,36.965,36.8747,36.91,30.124532488,142189,0.0,1.0
2017-11-20,36.92,37.0,36.825,36.96,30.1653405787,258589,0.0,1.0
2017-11-21,37.05,37.08,37.0175,37.03,30.2224719055,109484,0.0,1.0
2017-11-22,37.03,37.05,36.945,37.02,30.2143102874,122235,0.0,1.0
2017-11-24,37.04,37.13,37.04,37.05,30.2387951418,39239,0.0,1.0
2017-11-27,37.1,37.1,36.9565,36.99,30.189825433,123150,0.0,1.0
2017-11-28,37.05,37.328,37.02,37.31,30.4509972129,121820,0.0,1.0
2017-11-29,37.29,37.57,37.28,37.56,30.655037666,100663,0.0,1.0
2017-11-30,37.66,37.946,37.63,37.788,30.8411225592,145326,0.0,1.0
2017-12-01,37.84,37.855,37.29,37.75,30.8101084103,240155,0.0,1.0
2017-12-04,37.96,38.11,37.86,37.865,30.9039670187,168191,0.0,1.0
2017-12-05,37.93,37.93,37.635,37.64,30.7203306109,111104,0.0,1.0
2017-12-06,37.64,37.74,37.5418,37.62,30.7040073747,102951,0.0,1.0
2017-12-07,37.6,37.69,37.58,37.67,30.7448154653,98658,0.0,1.0
2017-12-08,37.8,37.91,37.675,37.9,30.9325326821,110112,0.0,1.0
2017-12-11,37.96,38.04,37.9,38.035,31.0427145268,187099,0.0,1.0
2017-12-12,38.12,38.16,38.01,38.04,31.0467953358,157481,0.0,1.0
2017-12-13,38.1,38.21,38.08,38.125,31.1161690899,219157,0.0,1.0
2017-12-14,38.16,38.16,37.89,37.9,30.9325326821,176933,0.0,1.0
2017-12-15,37.33,37.56,37.3,37.41,31.1139205641,290226,0.7122,1.0
2017-12-18,37.59,37.77,37.56,37.71,31.363430753,143066,0.0,1.0
2017-12-19,37.78,37.78,37.35,37.35,31.0640185263,192304,0.0,1.0
2017-12-20,37.46,37.46,37.235,37.24,30.972531457,132737,0.0,1.0
2017-12-21,37.35,37.35,37.2,37.21,30.9475804381,117562,0.0,1.0
2017-12-22,37.29,37.34,37.21,37.32,31.0390675074,111194,0.0,1.0
2017-12-26,37.36,37.53,37.34,37.44,31.138871583,147046,0.0,1.0
2017-12-27,37.53,37.53,37.355,37.4,31.1056035578,193747,0.0,1.0
2017-12-28,37.44,37.5,37.34,37.49,31.1804566145,128754,0.0,1.0
2017-12-29,37.55,37.6,37.41,37.45,31.1471885893,164569,0.0,1.0
2018-01-02,37.58,37.61,37.44,37.58,31.2553096711,241835,0.0,1.0
2018-01-03,37.66,37.686,37.53,37.6,31.2719436837,254426,0.0,1.0
2018-01-04,37.64,37.64,37.38,37.39,31.0972865515,222600,0.0,1.0
2018-01-05,37.45,37.49,37.33,37.48,31.1721396082,210595,0.0,1.0
2018-01-08,37.6,37.68,37.464,37.67,31.3301627278,267527,0.0,1.0
2018-01-09,37.71,37.72,37.415,37.42,31.1222375704,311177,0.0,1.0
2018-01-10,37.32,37.39,37.19,37.33,31.0473845137,316350,0.0,1.0
2018-01-11,37.44,37.67,37.4,37.62,31.2885776963,219258,0.0,1.0
2018-01-12,37.69,37.79,37.64,37.74,31.3883817719,219335,0.0,1.0
2018-01-16,37.9,38.01,37.46,37.51,31.1970906271,351936,0.0,1.0
2018-01-17,37.64,37.837,37.56,37.77,31.4133327908,234389,0.0,1.0
2018-01-18,37.78,37.79,37.555,37.64,31.3052117089,379069,0.0,1.0
2018-01-19,37.68,37.86,37.625,37.85,31.4798688412,479360,0.0,1.0
2018-01-22,37.88,38.17,37.87,38.17,31.7460130428,183343,0.0,1.0
2018-01-23,38.24,38.47,38.23,38.43,31.9622552066,155006,0.0,1.0
2018-01-24,38.52,38.54,38.193,38.3,31.8541341247,334694,0.0,1.0
2018-01-25,38.39,38.39,38.148,38.28,31.8375001121,128988,0.0,1.0
2018-01-26,38.4,38.74,38.37,38.74,32.2200824018,130118,0.0,1.0
2018-01-29,38.65,38.65,38.34,38.35,31.8957191562,263301,0.0,1.0
2018-01-30,38.14,38.25,37.93,37.94,31.5547218979,259740,0.0,1.0
2018-01-31,38.0,38.126,37.84,38.09,31.6794769924,188945,0.0,1.0
2018-02-01,38.05,38.07,37.63,37.7,31.3551137467,167757,0.0,1.0
2018-02-02,37.49,37.49,37.024,37.04,30.806191331,219550,0.0,1.0
2018-02-05,36.82,37.09,35.83,35.85,29.8164675814,587401,0.0,1.0
2018-02-06,35.32,36.186,35.06,36.06,29.9911247137,529075,0.0,1.0
2018-02-07,36.03,36.613,35.94,36.03,29.9661736948,347560,0.0,1.0
2018-02-08,36.03,36.054,35.02,35.02,29.1261560586,274863,0.0,1.0
2018-02-09,35.28,35.82,34.64,35.58,29.5919084114,312923,0.0,1.0
2018-02-12,35.81,36.069,35.43,35.92,29.8746866255,149475,0.0,1.0
2018-02-13,35.81,36.158,35.648,36.06,29.9911247137,142216,0.0,1.0
2018-02-14,35.94,36.33,35.73,36.24,30.1408308271,415128,0.0,1.0
2018-02-15,36.46,36.71,36.27,36.71,30.5317301231,281001,0.0,1.0
2018-02-16,36.72,37.005,36.67,36.82,30.6232171924,327376,0.0,1.0
2018-02-20,36.71,36.74,36.29,36.35,30.2323178964,288653,0.0,1.0
2018-02-21,36.43,36.51,35.86,35.87,29.833101594,389324,0.0,1.0
2018-02-22,36.01,36.39,35.98,36.06,29.9911247137,248849,0.0,1.0
2018-02-23,36.22,36.7,36.16,36.7,30.5234131168,227382,0.0,1.0
2018-02-26,36.86,36.87,36.6,36.87,30.6648022239,199217,0.0,1.0
2018-02-27,36.95,37.06,36.26,36.26,30.1574648397,258694,0.0,1.0
2018-02-28,36.41,36.48,36.01,36.01,29.9495396822,261620,0.0,1.0
2018-03-01,35.97,36.32,35.62,35.81,29.7831995562,495850,0.0,1.0
2018-03-02,35.57,36.0,35.57,35.97,29.916271657,324069,0.0,1.0
2018-03-05,35.86,36.425,35.81,36.37,30.248951909,331306,0.0,1.0
2018-03-06,36.48,36.48,36.07,36.25,30.1491478334,250727,0.0,1.0
2018-03-07,36.01,36.25,35.99,36.21,30.1158798082,255562,0.0,1.0
2018-03-08,36.31,36.31,36.12,36.26,30.1574648397,244722,0.0,1.0
2018-03-09,36.38,36.5,36.23,36.5,30.3570729909,216524,0.0,1.0
2018-03-12,36.57,36.68,36.5,36.6,30.4402430539,510543,0.0,1.0
2018-03-13,36.75,36.83,36.5,36.59,30.4319260476,278608,0.0,1.0
2018-03-14,36.7,36.78,36.4,36.5,30.3570729909,204490,0.0,1.0
2018-03-15,36.58,36.63,36.303,36.42,30.2905369405,84403,0.0,1.0
2018-03-16,36.1,36.355,36.09,36.28,30.4641719127,124801,0.3488,1.0
2018-03-19,36.26,36.26,35.72,35.87,30.119896541,168390,0.0,1.0
2018-03-20,35.92,36.06,35.7,35.75,30.0191330176,98954,0.0,1.0
2018-03-21,35.76,36.04,35.58,35.67,29.9519573353,182008,0.0,1.0
2018-03-22,35.54,35.82,35.26,35.27,29.6160789239,337460,0.0,1.0
2018-03-23,35.31,35.31,34.65,34.7,29.1374521877,399821,0.0,1.0
2018-03-26,35.0,35.3,34.86,35.26,29.6076819636,233607,0.0,1.0
2018-03-27,35.24,35.65,35.13,35.26,29.6076819636,366811,0.0,1.0
2018-03-28,35.34,35.685,35.34,35.52,29.826002931,346935,0.0,1.0
2018-03-29,35.66,35.85,35.66,35.76,30.0275299779,706319,0.0,1.0
2018-04-02,35.7,35.81,34.989,35.18,29.5405062814,366745,0.0,1.0
2018-04-03,35.27,35.61,35.16,35.55,29.8511938119,305999,0.0,1.0
2018-04-04,35.24,35.94,35.21,35.89,30.1366904616,179046,0.0,1.0
2018-04-05,36.03,36.214,35.76,36.16,30.3634083893,140661,0.0,1.0
2018-04-06,36.44,36.44,35.49,35.67,29.9519573353,261824,0.0,1.0
2018-04-09,35.76,36.057,35.645,35.66,29.943560375,73907,0.0,1.0
2018-04-10,35.98,36.05,35.78,35.91,30.1534843821,114241,0.0,1.0
2018-04-11,35.77,36.045,35.77,35.87,30.119896541,102608,0.0,1.0
2018-04-12,36.0,36.01,35.595,35.69,29.9687512559,162645,0.0,1.0
2018-04-13,35.72,35.92,35.69,35.81,30.0695147793,512759,0.0,1.0
2018-04-16,35.94,36.249,35.9,36.19,30.3885992701,227887,0.0,1.0
2018-04-17,36.3,36.59,36.23,36.48,30.6321111184,128983,0.0,1.0
2018-04-18,36.52,36.633,36.38,36.38,30.5481415155,221399,0.0,1.0
2018-04-19,36.31,36.32,35.804,36.0,30.2290570247,184573,0.0,1.0
2018-04-20,36.04,36.08,35.58,35.68,29.9603542956,283622,0.0,1.0
2018-04-23,35.79,35.84,35.635,35.78,30.0443238984,114262,0.0,1.0
2018-04-24,35.86,36.01,35.566,35.74,30.0107360573,121281,0.0,1.0
2018-04-25,35.7,35.89,35.58,35.84,30.0947056602,124913,0.0,1.0
2018-04-26,35.95,36.21,35.81,36.13,30.3382175084,73200,0.0,1.0
2018-04-27,36.16,36.56,36.07,36.48,30.6321111184,118235,0.0,1.0
2018-04-30,36.57,36.64,36.19,36.19,30.3885992701,233135,0.0,1.0
2018-05-01,36.14,36.21,35.89,36.12,30.3298205481,222927,0.0,1.0
2018-05-02,36.09,36.14,35.853,35.92,30.1618813424,212177,0.0,1.0
2018-05-03,35.89,36.01,35.6,35.94,30.178675263,197249,0.0,1.0
2018-05-04,35.89,36.41,35.85,36.3,30.4809658333,123985,0.0,1.0
2018-05-07,36.38,36.38,36.137,36.23,30.4221871113,124806,0.0,1.0
2018-05-08,36.17,36.17,35.74,35.89,30.1366904616,118991,0.0,1.0
2018-05-09,35.98,36.07,35.9,36.06,30.2794387864,122509,0.0,1.0
2018-05-10,36.14,36.41,36.14,36.39,30.5565384758,114817,0.0,1.0
2018-05-11,36.48,36.55,36.41,36.45,30.6069202375,149521,0.0,1.0
2018-05-14,36.53,36.535,36.286,36.4,30.5649354361,121165,0.0,1.0
2018-05-15,36.24,36.24,36.0,36.16,30.3634083893,141962,0.0,1.0
2018-05-16,36.26,36.38,36.187,36.31,30.4893627935,77662,0.0,1.0
2018-05-17,36.31,36.38,36.165,36.21,30.4053931907,79223,0.0,1.0
2018-05-18,36.21,36.23,36.07,36.14,30.3466144687,74464,0.0,1.0
2018-05-21,36.25,36.462,36.15,36.42,30.5817293567,115442,0.0,1.0
2018-05-22,36.49,36.549,36.383,36.42,30.5817293567,105289,0.0,1.0
2018-05-23,36.29,36.555,36.29,36.53,30.6740959198,88875,0.0,1.0
2018-05-24,36.53,36.62,36.381,36.61,30.7412716021,186008,0.0,1.0
2018-05-25,36.52,36.632,36.47,36.55,30.6908898404,103305,0.0,1.0
2018-05-29,36.5,36.58,36.288,36.41,30.5733323964,129106,0.0,1.0
2018-05-30,36.52,36.9598,36.41,36.9,30.9847834503,131429,0.0,1.0
2018-05-31,36.9,36.9,36.61,36.74,30.8504320858,128259,0.0,1.0
2018-06-01,36.86,36.91,36.725,36.795,30.8966153673,159889,0.0,1.0
2018-06-04,36.93,37.079,36.855,36.98,31.0519591326,90774,0.0,1.0
2018-06-05,37.02,37.17,37.02,37.1,31.152722656,83243,0.0,1.0
2018-06-06,37.14,37.14,36.9,37.06,31.1191348149,75093,0.0,1.0
2018-06-07,37.08,37.32,37.08,37.19,31.2282952986,98906,0.0,1.0
2018-06-08,37.2,37.3,37.16,37.29,31.3122649014,139615,0.0,1.0
2018-06-11,37.34,37.41,37.24,37.34,31.3542497029,103394,0.0,1.0
2018-06-12,37.43,37.51,37.32,37.49,31.4802041071,51494,0.0,1.0
2018-06-13,37.54,37.54,36.98,36.98,31.0519591326,130648,0.0,1.0
2018-06-14,37.08,37.257,37.07,37.2,31.2366922589,81498,0.0,1.0
2018-06-15,36.8,36.87,36.67,36.83,31.2418144046,153691,0.3761,1.0
2018-06-18,36.74,36.885,36.7,36.81,31.2248489882,118627,0.0,1.0
2018-06-19,36.65,36.9,36.65,36.9,31.3011933622,215030,0.0,1.0
2018-06-20,37.0,37.065,36.834,37.05,31.4284339857,122460,0.0,1.0
2018-06-21,37.0,37.099,36.905,36.99,31.3775377363,128780,0.0,1.0
2018-06-22,37.11,37.24,37.103,37.13,31.4962956515,109560,0.0,1.0
2018-06-25,37.09,37.18,36.91,37.11,31.479330235,132804,0.0,1.0
2018-06-26,37.21,37.3,37.09,37.2,31.5556746091,110524,0.0,1.0
2018-06-27,37.33,37.44,37.11,37.12,31.4878129433,106871,0.0,1.0
2018-06-28,37.12,37.392,37.08,37.315,31.6532257537,120492,0.0,1.0
2018-06-29,37.43,37.528,37.29,37.29,31.6320189831,99900,0.0,1.0
2018-07-02,37.15,37.18,36.859,37.14,31.5047783597,179647,0.0,1.0
2018-07-03,37.24,37.52,37.2,37.28,31.6235362749,57152,0.0,1.0
2018-07-05,37.44,37.64,37.3,37.64,31.9289137711,115821,0.0,1.0
2018-07-06,37.66,37.89,37.63,37.82,32.0816025192,259137,0.0,1.0
2018-07-09,37.94,37.94,37.5,37.58,31.8780175218,169038,0.0,1.0
2018-07-10,37.66,37.84,37.525,37.78,32.0476716863,401345,0.0,1.0
2018-07-11,37.73,37.79,37.61,37.65,31.9373964794,116046,0.0,1.0
2018-07-12,37.77,37.77,37.55,37.666,31.9509688125,150907,0.0,1.0
2018-07-13,37.73,37.76,37.57,37.62,31.9119483547,148520,0.0,1.0
2018-07-16,37.62,37.62,37.365,37.5,31.8101558559,75519,0.0,1.0
2018-07-17,37.47,37.48,37.368,37.37,31.699880649,70532,0.0,1.0
2018-07-18,37.36,37.36,37.155,37.3,31.6405016914,111270,0.0,1.0
2018-07-19,37.32,37.65,37.3,37.55,31.8525693971,139121,0.0,1.0
2018-07-20,37.48,37.48,37.22,37.3,31.6405016914,103662,0.0,1.0
2018-07-23,37.3,37.39,37.12,37.24,31.589605442,99639,0.0,1.0
2018-07-24,37.4,37.4,37.1,37.28,31.6235362749,162011,0.0,1.0
2018-07-25,37.27,37.519,37.27,37.48,31.7931904395,112030,0.0,1.0
2018-07-26,37.48,37.749,37.48,37.61,31.9034656464,122726,0.0,1.0
2018-07-27,37.56,37.69,37.3,37.37,31.699880649,113128,0.0,1.0
2018-07-30,37.47,37.53,37.357,37.49,31.8016731477,165129,0.0,1.0
2018-07-31,37.63,37.875,37.55,37.84,32.0985679357,143250,0.0,1.0
2018-08-01,37.81,37.81,37.49,37.62,31.9119483547,264125,0.0,1.0
2018-08-02,37.59,37.76,37.51,37.73,32.0052581452,85630,0.0,1.0
2018-08-03,37.59,38.12,37.51,38.08,32.3021529332,129880,0.0,1.0
2018-08-06,38.11,38.13,38.0,38.03,32.259739392,221979,0.0,1.0
2018-08-07,38.09,38.09,37.946,38.02,32.2512566838,151195,0.0,1.0
2018-08-08,38.01,38.01,37.795,37.83,32.0900852275,105341,0.0,1.0
2018-08-09,37.85,37.934,37.85,37.87,32.1240160604,97214,0.0,1.0
2018-08-10,37.8,37.8,37.584,37.61,31.9034656464,119733,0.0,1.0
2018-08-13,37.72,37.72,37.471,37.58,31.8780175218,133114,0.0,1.0
2018-08-14,37.69,37.94,37.69,37.91,32.1579468933,152680,0.0,1.0
2018-08-15,37.83,37.89,37.64,37.89,32.1409814768,143525,0.0,1.0
2018-08-16,37.99,38.32,37.966,38.29,32.480289806,231771,0.0,1.0
2018-08-17,38.26,38.63,38.26,38.59,32.7347710528,106887,0.0,1.0
2018-08-20,38.64,38.75,38.64,38.68,32.8111154269,100963,0.0,1.0
2018-08-21,38.69,38.69,38.55,38.59,32.7347710528,107865,0.0,1.0
2018-08-22,38.61,38.61,38.36,38.39,32.5651168882,153087,0.0,1.0
2018-08-23,38.39,38.39,38.24,38.29,32.480289806,73990,0.0,1.0
2018-08-24,38.33,38.39,38.21,38.37,32.5481514718,93670,0.0,1.0
2018-08-27,38.47,38.512,38.32,38.43,32.5990477212,91495,0.0,1.0
2018-08-28,38.52,38.52,38.38,38.46,32.6244958458,108206,0.0,1.0
2018-08-29,38.51,38.58,38.37,38.51,32.666909387,98567,0.0,1.0
2018-08-30,38.47,38.47,38.222,38.3,32.4887725142,170296,0.0,1.0
2018-08-31,38.4,38.4,38.083,38.24,32.4378762648,93270,0.0,1.0
2018-09-04,38.2,38.26,38.012,38.08,32.3021529332,141843,0.0,1.0
2018-09-05,38.11,38.4,37.973,38.39,32.5651168882,135650,0.0,1.0
2018-09-06,38.41,38.5,38.37,38.4,32.5735995965,127334,0.0,1.0
2018-09-07,38.3,38.3,38.06,38.13,32.3445664743,138051,0.0,1.0
2018-09-10,38.26,38.5,38.26,38.3,32.4887725142,119602,0.0,1.0
2018-09-11,38.3,38.335,38.15,38.26,32.4548416813,141458,0.0,1.0
2018-09-12,38.31,38.48,38.25,38.41,32.5820823047,537597,0.0,1.0
2018-09-13,38.5,38.54,38.37,38.49,32.6499439705,142420,0.0,1.0
2018-09-14,38.52,38.52,38.191,38.49,32.6499439705,130763,0.0,1.0
2018-09-17,38.5,38.67,38.42,38.53,32.6838748034,194404,0.0,1.0
2018-09-18,38.6,38.6,38.44,38.52,32.6753920952,206751,0.0,1.0
2018-09-19,38.54,38.57,38.28,38.29,32.480289806,132656,0.0,1.0
2018-09-20,38.4,38.547,38.29,38.54,32.6923575117,187840,0.0,1.0
2018-09-21,38.29,38.29,38.05,38.12,32.7183994259,184407,0.4507,1.0
2018-09-24,38.12,38.132,37.581,37.62,32.289249381,167036,0.0,1.0
2018-09-25,37.71,37.71,37.376,37.4,32.1004233612,238206,0.0,1.0
2018-09-26,37.46,37.52,37.18,37.2,31.9287633433,154347,0.0,1.0
2018-09-27,37.23,37.445,37.2,37.27,31.9888443495,123188,0.0,1.0
2018-09-28,37.26,37.52,37.22,37.515,32.1991278716,99334,0.0,1.0
2018-10-01,37.58,37.66,37.49,37.54,32.2205853738,178701,0.0,1.0
2018-10-02,37.53,37.77,37.52,37.58,32.2549173774,159392,0.0,1.0
2018-10-03,37.69,37.71,37.305,37.41,32.1090063621,125502,0.0,1.0
2018-10-04,37.35,37.36,37.17,37.35,32.0575083567,203732,0.0,1.0
2018-10-05,37.38,37.5,37.33,37.4,32.1004233612,170943,0.0,1.0
2018-10-08,37.36,37.76,37.36,37.69,32.3493303873,208802,0.0,1.0
2018-10-09,37.7,37.71,37.485,37.57,32.2463343765,171620,0.0,1.0
2018-10-10,37.53,37.635,36.97,36.99,31.7485203244,240731,0.0,1.0
2018-10-11,36.98,37.01,35.94,36.05,30.9417182399,909313,0.0,1.0
2018-10-12,36.36,36.36,35.837,36.16,31.0361312498,246252,0.0,1.0
2018-10-15,36.17,36.515,36.12,36.24,31.104795257,240028,0.0,1.0
2018-10-16,36.35,36.81,36.232,36.77,31.5596943046,181533,0.0,1.0
2018-10-17,36.72,36.82,36.436,36.67,31.4738642956,165390,0.0,1.0
2018-10-18,36.69,36.896,36.36,36.52,31.3451192821,136837,0.0,1.0
2018-10-19,36.58,36.985,36.58,36.87,31.6455243136,2097620,0.0,1.0
2018-10-22,36.97,36.984,36.47,36.48,31.3107872785,2526601,0.0,1.0
2018-10-23,36.22,36.57,36.04,36.42,31.2592892731,347242,0.0,1.0
2018-10-24,36.47,36.71,36.2,36.23,31.0962122561,260286,0.0,1.0
2018-10-25,36.36,36.704,36.12,36.51,31.3365362812,427747,0.0,1.0
2018-10-26,36.37,36.37,35.6,35.81,30.7357262183,563760,0.0,1.0
2018-10-29,36.29,36.51,35.83,36.16,31.0361312498,486295,0.0,1.0
2018-10-30,36.27,36.71,36.231,36.66,31.4652812947,361424,0.0,1.0
2018-10-31,36.79,36.8,36.362,36.43,31.267872274,275088,0.0,1.0
2018-11-01,36.56,36.74,36.485,36.71,31.5081962992,233772,0.0,1.0
2018-11-02,36.9,36.9,36.25,36.54,31.3622852839,256158,0.0,1.0
2018-11-05,36.59,37.16,36.59,37.1,31.8429333343,149899,0.0,1.0
2018-11-06,37.1,37.39,37.1,37.38,32.0832573594,211031,0.0,1.0
2018-11-07,37.63,37.79,37.35,37.76,32.4094113936,378590,0.0,1.0
2018-11-08,37.71,37.76,37.543,37.75,32.4008283927,228261,0.0,1.0
2018-11-09,37.64,37.75,37.441,37.64,32.3064153828,238426,0.0,1.0
2018-11-12,37.61,37.78,37.41,37.46,32.1519213666,331240,0.0,1.0
2018-11-13,37.55,37.63,37.3,37.41,32.1090063621,307783,0.0,1.0
2018-11-14,37.54,37.63,37.06,37.19,31.9201803424,281458,0.0,1.0
2018-11-15,37.05,37.17,36.702,37.1,31.8429333343,322792,0.0,1.0
2018-11-16,37.15,37.45,37.13,37.39,32.0918403603,191995,0.0,1.0
2018-11-19,37.36,37.54,37.179,37.34,32.0489253558,301021,0.0,1.0
2018-11-20,37.03,37.12,36.65,36.68,31.4824472965,479121,0.0,1.0
2018-11-21,36.78,36.91,36.58,36.62,31.4309492911,252443,0.0,1.0
2018-11-23,36.56,36.6161,36.34,36.48,31.3107872785,121316,0.0,1.0
2018-11-26,36.72,36.85,36.62,36.85,31.6283583118,413571,0.0,1.0
2018-11-27,36.78,37.1,36.76,37.09,31.8343503334,295910,0.0,1.0
2018-11-28,37.16,37.4,36.9,37.4,32.1004233612,586490,0.0,1.0
2018-11-29,37.39,37.56,37.2,37.42,32.117589363,400646,0.0,1.0
2018-11-30,37.42,37.73,37.4,37.71,32.3664963891,325227,0.0,1.0
2018-12-03,38.09,38.09,37.67,38.03,32.6411524178,404965,0.0,1.0
2018-12-04,38.02,38.09,37.22,37.29,32.0060103513,526228,0.0,1.0
2018-12-06,37.03,37.4,36.4264,37.4,32.1004233612,458327,0.0,1.0
2018-12-07,37.4,37.53,36.9,37.0,31.7571033253,309641,0.0,1.0
2018-12-10,37.06,37.06,36.23,36.9,31.6712733163,600896,0.0,1.0
2018-12-11,37.24,37.293,36.81,36.94,31.7056053199,304206,0.0,1.0
2018-12-12,37.27,37.3,36.82,36.83,31.61119231,441128,0.0,1.0
2018-12-13,37.01,37.04,36.73,36.83,31.61119231,399204,0.0,1.0
2018-12-14,36.66,36.81,36.43,36.57,31.3880342866,358172,0.0,1.0
2018-12-17,36.55,36.57,35.34,35.52,30.4868191923,693062,0.0,1.0
2018-12-18,35.75,35.85,35.2,35.39,30.3752401806,362766,0.0,1.0
2018-12-19,35.48,35.85,34.82,35.0,30.0405031455,803062,0.0,1.0
2018-12-20,34.88,35.06,34.23,34.59,29.6886001087,772738,0.0,1.0
2018-12-21,34.18,34.861,33.666,33.72,29.3221059703,1605031,0.443,1.0
2018-12-24,33.55,33.64,32.59,32.59,28.3394849814,773356,0.0,1.0
2018-12-26,32.68,33.75,32.335,33.74,29.3394974922,1257351,0.0,1.0
2018-12-27,33.42,33.95,32.87,33.95,29.5221084725,2474251,0.0,1.0
2018-12-28,34.09,34.28,33.76,33.91,29.4873254286,1318566,0.0,1.0
2018-12-31,34.06,34.09,33.63,34.07,29.626457604,1025022,0.0,1.0
2019-01-02,33.71,33.95,33.4332,33.85,29.4351508628,1087511,0.0,1.0
2019-01-03,33.78,34.06,33.58,33.68,29.2873229265,1013096,0.0,1.0
2019-01-04,33.96,34.43,33.87,34.37,29.887330433,582984,0.0,1.0
2019-01-07,34.38,34.865,34.29,34.62,30.1047244571,1330122,0.0,1.0
2019-01-08,34.89,35.11,34.74,35.08,30.5047294614,827792,0.0,1.0
2019-01-09,35.17,35.17,34.93,35.07,30.4960337004,739653,0.0,1.0
2019-01-10,34.93,35.3,34.76,35.28,30.6786446807,648484,0.0,1.0
2019-01-11,35.3,35.36,35.11,35.35,30.7395150074,481261,0.0,1.0
2019-01-14,35.2,35.24,35.02,35.13,30.5482082662,659360,0.0,1.0
2019-01-15,35.17,35.44,35.14,35.4,30.7829938122,618640,0.0,1.0
2019-01-16,35.41,35.54,35.33,35.44,30.8177768561,609964,0.0,1.0
2019-01-17,35.35,35.695,35.35,35.65,31.0003878363,743223,0.0,1.0
2019-01-18,35.84,36.02,35.75,35.98,31.2873479482,641382,0.0,1.0
2019-01-22,35.96,35.96,35.44,35.68,31.0264751192,1010399,0.0,1.0
2019-01-23,35.81,35.837,35.495,35.77,31.1047369679,398517,0.0,1.0
2019-01-24,35.71,35.86,35.554,35.84,31.1656072947,781966,0.0,1.0
2019-01-25,36.04,36.154,35.99,36.07,31.3656097968,611896,0.0,1.0
2019-01-28,35.9,36.08,35.826,36.08,31.3743055578,552135,0.0,1.0
2019-01-29,36.13,36.27,36.096,36.23,31.5047419722,360507,0.0,1.0
2019-01-30,36.28,36.616,36.18,36.5,31.7395275183,560648,0.0,1.0
2019-01-31,36.51,36.895,36.32,36.82,32.0177918691,1481982,0.0,1.0
2019-02-01,36.94,36.94,36.56,36.79,31.9917045862,435543,0.0,1.0
2019-02-04,36.77,36.9,36.51,36.9,32.0873579568,406801,0.0,1.0
2019-02-05,36.92,37.05,36.82,37.04,32.2090986103,517915,0.0,1.0
2019-02-06,37.0,37.049,36.837,36.91,32.0960537178,338347,0.0,1.0
2019-02-07,36.84,36.974,36.585,36.86,32.052574913,542361,0.0,1.0
2019-02-08,36.8,36.97,36.59,36.97,32.1482282836,542091,0.0,1.0
2019-02-11,37.03,37.05,36.895,37.01,32.1830113274,436819,0.0,1.0
2019-02-12,37.3,37.47,37.3,37.38,32.5047544831,453257,0.0,1.0
2019-02-13,37.47,37.62,37.428,37.58,32.6786697024,596821,0.0,1.0
2019-02-14,37.47,37.63,37.298,37.45,32.5656248098,664693,0.0,1.0
2019-02-15,37.65,37.72,37.536,37.71,32.7917145949,406475,0.0,1.0
2019-02-19,37.65,37.989,37.6113,37.92,32.9743255752,410245,0.0,1.0
2019-02-20,37.94,38.19,37.885,38.04,33.0786747067,618270,0.0,1.0
2019-02-21,38.02,38.02,37.77,37.9,32.9569340532,416313,0.0,1.0
2019-02-22,37.91,38.028,37.7702,38.0,33.0438916629,306100,0.0,1.0
2019-02-25,38.19,38.2,37.9101,37.95,33.000412858,536301,0.0,1.0
2019-02-26,37.9,38.0,37.763,37.77,32.8438891607,490888,0.0,1.0
2019-02-27,37.74,37.86,37.65,37.81,32.8786722045,500524,0.0,1.0
2019-02-28,37.81,37.829,37.57,37.75,32.8264976388,575256,0.0,1.0
2019-03-01,38.0,38.03,37.649,37.92,32.9743255752,1420595,0.0,1.0
2019-03-04,38.06,38.061,37.46,37.86,32.9221510094,736379,0.0,1.0
2019-03-05,37.92,37.94,37.74,37.87,32.9308467703,532825,0.0,1.0
2019-03-06,37.92,37.92,37.59,37.63,32.7221485072,556370,0.0,1.0
2019-03-07,37.62,37.62,37.302,37.38,32.5047544831,602537,0.0,1.0
2019-03-08,37.2,37.36,37.11,37.36,32.4873629612,648304,0.0,1.0
2019-03-11,37.44,37.88,37.4,37.87,32.9308467703,429772,0.0,1.0
2019-03-12,37.97,38.07,37.91,37.99,33.0351959019,486859,0.0,1.0
2019-03-13,38.09,38.24,38.035,38.14,33.1656323164,674892,0.0,1.0
2019-03-14,38.17,38.17,37.987,38.11,33.1395450335,3332857,0.0,1.0
2019-03-15,37.99,37.99,37.68,37.77,33.1390232878,3210921,0.3394,1.0
2019-03-18,37.83,37.96,37.756,37.95,33.296953502,440558,0.0,1.0
2019-03-19,38.05,38.105,37.67,37.79,33.1565710894,548175,0.0,1.0
2019-03-20,37.78,37.85,37.45,37.55,32.9459974704,816380,0.0,1.0
2019-03-21,37.48,38.16,37.48,38.09,33.4197881131,521930,0.0,1.0
2019-03-22,37.98,37.99,37.44,37.45,32.8582584625,584316,0.0,1.0
2019-03-25,37.45,37.6,37.22,37.47,32.8758062641,569449,0.0,1.0
2019-03-26,37.67,37.91,37.655,37.89,33.2443100973,514067,0.0,1.0
2019-03-27,37.9,37.98,37.545,37.71,33.0863798831,570878,0.0,1.0
2019-03-28,37.77,37.89,37.57,37.82,33.1828927918,341421,0.0,1.0
2019-03-29,37.93,37.97,37.74,37.84,33.2004405933,476104,0.0,1.0
2019-04-01,38.05,38.27,37.95,38.24,33.551396625,704643,0.0,1.0
2019-04-02,38.25,38.295,38.126,38.26,33.5689444266,470483,0.0,1.0
2019-04-03,38.39,38.451,38.18,38.27,33.5777183274,594377,0.0,1.0
2019-04-04,38.3,38.43,38.26,38.43,33.71810074,410068,0.0,1.0
2019-04-05,38.51,38.74,38.42,38.73,33.9813177637,736595,0.0,1.0
2019-04-08,38.69,38.7,38.596,38.69,33.9462221606,363036,0.0,1.0
2019-04-09,38.62,38.62,38.316,38.38,33.6742312361,407705,0.0,1.0
2019-04-10,38.45,38.59,38.4,38.57,33.8409353511,235311,0.0,1.0
2019-04-11,38.64,38.77,38.54,38.64,33.9023526566,388135,0.0,1.0
2019-04-12,38.79,38.85,38.61,38.85,34.0866045732,433442,0.0,1.0
2019-04-15,38.9,38.9,38.65,38.69,33.9462221606,385419,0.0,1.0
2019-04-16,38.76,38.7699,38.4667,38.71,33.9637699622,389466,0.0,1.0
2019-04-17,38.88,38.88,38.58,38.62,33.884804855,383191,0.0,1.0
2019-04-18,38.7,38.715,38.53,38.64,33.9023526566,304128,0.0,1.0
2019-04-22,38.65,38.68,38.3,38.42,33.7093268392,372820,0.0,1.0
2019-04-23,38.51,38.71,38.41,38.68,33.9374482598,374731,0.0,1.0
2019-04-24,38.65,38.713,38.483,38.6,33.8672570535,402139,0.0,1.0
2019-04-25,38.53,38.53,38.17,38.28,33.5864922282,373206,0.0,1.0
2019-04-26,38.34,38.54,38.26,38.54,33.8146136487,259510,0.0,1.0
2019-04-29,38.53,38.63,38.44,38.45,33.7356485416,320951,0.0,1.0
2019-04-30,38.49,38.62,38.25,38.59,33.8584831527,362020,0.0,1.0
2019-05-01,38.62,38.7,38.27,38.28,33.5864922282,402203,0.0,1.0
2019-05-02,38.29,38.459,38.1,38.25,33.5601705258,387604,0.0,1.0
2019-05-03,38.44,38.77,38.43,38.68,33.9374482598,358328,0.0,1.0
2019-05-06,38.22,38.589,38.15,38.52,33.7970658471,570972,0.0,1.0
2019-05-07,38.3,38.3,37.8,38.05,33.38469251,561921,0.0,1.0
2019-05-08,38.0,38.095,37.8,37.82,33.1828927918,337414,0.0,1.0
2019-05-09,37.65,37.775,37.28,37.73,33.1039276846,529611,0.0,1.0
2019-05-10,37.66,38.02,37.28,37.97,33.3145013036,596476,0.0,1.0
2019-05-13,37.5,37.5,37.09,37.3,32.7266499506,593503,0.0,1.0
2019-05-14,37.42,37.82,37.39,37.66,33.0425103791,324187,0.0,1.0
2019-05-15,37.51,37.89,37.42,37.84,33.2004405933,304191,0.0,1.0
2019-05-16,37.89,38.14,37.84,37.93,33.2794057005,359250,0.0,1.0
2019-05-17,37.71,38.074,37.64,37.79,33.1565710894,300746,0.0,1.0
2019-05-20,37.66,37.72,37.383,37.51,32.9109018672,262254,0.0,1.0
2019-05-21,37.65,37.87,37.589,37.81,33.174118891,344628,0.0,1.0
2019-05-22,37.71,37.71,37.39,37.49,32.8933540657,261607,0.0,1.0
2019-05-23,37.25,37.33,36.967,37.19,32.6301370419,577976,0.0,1.0
2019-05-24,37.38,37.43,37.146,37.21,32.6476848435,152978,0.0,1.0
2019-05-28,37.3,37.3,36.61,36.61,32.121250796,353527,0.0,1.0
2019-05-29,36.5,36.51,36.13,36.3,31.8492598715,515494,0.0,1.0
2019-05-30,36.38,36.52,36.15,36.23,31.787842566,221459,0.0,1.0
2019-05-31,36.0,36.007,35.76,35.85,31.4544343359,538255,0.0,1.0
2019-06-03,35.9,36.32,35.9,36.29,31.8404859707,577681,0.0,1.0
2019-06-04,36.6,36.9764,36.517,36.97,32.4371112245,470502,0.0,1.0
2019-06-05,37.14,37.23,36.843,37.2,32.6389109427,306097,0.0,1.0
2019-06-06,37.29,37.51,37.13,37.41,32.8231628593,315389,0.0,1.0
2019-06-07,37.58,37.7,37.46,37.46,32.8670323633,392704,0.0,1.0
2019-06-10,37.67,37.6729,37.36,37.42,32.8319367601,719351,0.0,1.0
2019-06-11,37.64,37.76,37.52,37.63,33.0161886767,272100,0.0,1.0
2019-06-12,37.61,37.69,37.49,37.52,32.919675768,287373,0.0,1.0
2019-06-13,37.65,37.9,37.64,37.9,33.2530839981,299203,0.0,1.0
2019-06-14,37.91,37.91,37.666,37.79,33.1565710894,297765,0.0,1.0
2019-06-17,37.8,37.94,37.75,37.84,33.2004405933,364207,0.0,1.0
2019-06-18,37.96,38.255,37.96,38.05,33.38469251,311421,0.0,1.0
2019-06-19,38.09,38.24,37.98,38.15,33.4724315179,348081,0.0,1.0
2019-06-20,38.49,38.53,38.23,38.49,33.7707441448,611298,0.0,1.0
2019-06-21,37.95,38.06,37.812,37.98,33.728629421,290466,0.462,1.0
2019-06-24,38.05,38.05,37.71,37.74,33.5154943219,706510,0.0,1.0
2019-06-25,37.73,37.74,37.42,37.42,33.2313141899,405936,0.0,1.0
2019-06-26,37.52,37.55,37.36,37.36,33.1780304151,660855,0.0,1.0
2019-06-27,37.46,37.67,37.46,37.63,33.4178074016,318422,0.0,1.0
2019-06-28,37.75,38.04,37.75,38.04,33.7819131957,393953,0.0,1.0
2019-07-01,38.45,38.48,37.78,37.97,33.7197487918,787022,0.0,1.0
2019-07-02,37.95,38.07,37.85,38.07,33.8085550831,313327,0.0,1.0
2019-07-03,38.14,38.46,38.14,38.46,34.154899619,282611,0.0,1.0
2019-07-05,38.29,38.42,38.04,38.42,34.1193771025,234053,0.0,1.0
2019-07-08,38.32,38.45,38.26,38.35,34.0572126986,237326,0.0,1.0
2019-07-09,38.25,38.31,38.155,38.28,33.9950482947,258028,0.0,1.0
2019-07-10,38.43,38.45,38.27,38.3,34.012809553,339848,0.0,1.0
2019-07-11,38.39,38.395,38.025,38.19,33.9151226326,693562,0.0,1.0
2019-07-12,38.28,38.45,38.22,38.43,34.1282577316,336515,0.0,1.0
2019-07-15,38.44,38.48,38.33,38.39,34.0927352151,321613,0.0,1.0
2019-07-16,38.33,38.408,38.22,38.29,34.0039289239,450059,0.0,1.0
2019-07-17,38.33,38.33,37.971,37.98,33.728629421,503019,0.0,1.0
2019-07-18,37.95,38.195,37.845,38.16,33.8884807452,266822,0.0,1.0
2019-07-19,38.21,38.248,37.94,37.94,33.6931069045,237828,0.0,1.0
2019-07-22,38.01,38.05,37.781,37.83,33.5954199841,326906,0.0,1.0
2019-07-23,37.92,38.11,37.79,38.11,33.8440775996,495025,0.0,1.0
2019-07-24,38.1,38.366,38.05,38.33,34.0394514404,283851,0.0,1.0
2019-07-25,38.3,38.3,38.01,38.08,33.8174357122,223052,0.0,1.0
2019-07-26,38.13,38.24,38.0,38.19,33.9151226326,217121,0.0,1.0
2019-07-29,38.21,38.245,38.09,38.14,33.870719487,298471,0.0,1.0
2019-07-30,38.02,38.23,37.89,38.23,33.9506451491,215493,0.0,1.0
2019-07-31,38.19,38.32,37.65,37.91,33.6664650171,589663,0.0,1.0
2019-08-01,38.02,38.16,37.37,37.44,33.2490754482,649304,0.0,1.0
2019-08-02,37.39,37.51,37.25,37.35,33.169149786,477873,0.0,1.0
2019-08-05,36.96,36.99,36.033,36.35,32.2810868734,857815,0.0,1.0
2019-08-06,36.55,36.63,36.178,36.56,32.4675800851,491154,0.0,1.0
2019-08-07,36.24,36.648,35.917,36.54,32.4498188268,884990,0.0,1.0
2019-08-08,36.62,37.01,36.5,37.01,32.8672083957,515129,0.0,1.0
2019-08-09,36.93,36.95,36.483,36.66,32.5563863763,429263,0.0,1.0
2019-08-12,36.52,36.55,36.123,36.26,32.2011612113,472257,0.0,1.0
2019-08-13,36.2,36.943,36.085,36.61,32.5119832307,536549,0.0,1.0
2019-08-14,36.05,36.2,35.46,35.48,31.5084721394,597588,0.0,1.0
2019-08-15,35.57,35.57,35.07,35.31,31.3575014443,703463,0.0,1.0
2019-08-16,35.48,35.93,35.47,35.87,31.8548166754,273702,0.0,1.0
2019-08-19,36.2,36.419,36.13,36.32,32.254444986,393287,0.0,1.0
2019-08-20,36.32,36.32,35.85,35.87,31.8548166754,320514,0.0,1.0
2019-08-21,36.12,36.18,36.05,36.14,32.0945936618,287189,0.0,1.0
2019-08-22,36.19,36.39,36.1,36.28,32.2189224695,352106,0.0,1.0
2019-08-23,36.16,36.26,35.15,35.31,31.3575014443,569201,0.0,1.0
2019-08-26,35.57,35.6,35.364,35.52,31.5439946559,358148,0.0,1.0
2019-08-27,35.73,35.73,35.11,35.11,31.1798888618,480108,0.0,1.0
2019-08-28,35.1,35.55,35.07,35.53,31.5528752851,1031493,0.0,1.0
2019-08-29,35.79,35.93,35.725,35.92,31.899219821,461428,0.0,1.0
2019-08-30,36.09,36.307,35.973,36.05,32.0146679996,508553,0.0,1.0
2019-09-03,35.9,35.97,35.65,35.97,31.9436229666,501662,0.0,1.0
2019-09-04,36.25,36.45,36.238,36.44,32.3610125355,372049,0.0,1.0
2019-09-05,36.73,37.02,36.697,36.96,32.8228052501,312906,0.0,1.0
2019-09-06,37.01,37.19,36.935,37.13,32.9737759452,383544,0.0,1.0
2019-09-09,37.29,37.86,37.25,37.86,33.6220618715,482363,0.0,1.0
2019-09-10,37.79,38.4,37.78,38.4,34.1016158443,376872,0.0,1.0
2019-09-11,38.45,38.84,38.137,38.84,34.4923635258,522863,0.0,1.0
2019-09-12,38.9,38.9,38.479,38.76,34.4213184928,413074,0.0,1.0
2019-09-13,38.86,39.062,38.62,38.67,34.3413928307,397204,0.0,1.0
2019-09-16,38.66,38.8,38.56,38.76,34.4213184928,321137,0.0,1.0
2019-09-17,38.75,38.75,38.46,38.55,34.2348252812,265073,0.0,1.0
2019-09-18,38.51,38.56,38.2,38.48,34.1726608773,515533,0.0,1.0
2019-09-19,38.53,38.62,38.242,38.29,34.0039289239,341767,0.0,1.0
2019-09-20,37.91,38.069,37.71,37.75,33.9219394035,371423,0.4477,1.0
2019-09-23,37.66,37.917,37.563,37.85,34.0117988457,280447,0.0,1.0
2019-09-24,37.97,37.97,37.44,37.62,33.8051221288,430799,0.0,1.0
2019-09-25,37.63,37.85,37.57,37.81,33.9758550688,304195,0.0,1.0
2019-09-26,37.83,37.9,37.604,37.83,33.9938269572,564462,0.0,1.0
2019-09-27,37.91,38.065,37.663,37.89,34.0477426225,293030,0.0,1.0
2019-09-30,37.95,38.07,37.896,37.98,34.1286161204,327975,0.0,1.0
2019-10-01,38.08,38.084,37.35,37.38,33.5894594677,457405,0.0,1.0
2019-10-02,37.25,37.25,36.526,36.61,32.8975417633,687514,0.0,1.0
2019-10-03,36.56,36.87,36.17,36.87,33.1311763128,559915,0.0,1.0
2019-10-04,36.93,37.2,36.774,37.2,33.4277124718,675138,0.0,1.0
2019-10-07,37.12,37.3,36.97,37.04,33.2839373644,349319,0.0,1.0
2019-10-08,36.85,36.85,36.45,36.46,32.7627526001,401876,0.0,1.0
2019-10-09,36.68,36.8,36.53,36.64,32.9244995959,456684,0.0,1.0
2019-10-10,36.65,37.04,36.65,36.95,33.2030638665,520227,0.0,1.0
2019-10-11,37.3,37.72,37.25,37.4,33.6074313561,491909,0.0,1.0
2019-10-14,37.37,37.415,37.15,37.38,33.5894594677,250346,0.0,1.0
2019-10-15,37.44,37.746,37.32,37.64,33.8230940172,355126,0.0,1.0
2019-10-16,37.64,37.81,37.537,37.62,33.8051221288,290610,0.0,1.0
2019-10-17,37.73,37.79,37.57,37.71,33.8859956267,261993,0.0,1.0
2019-10-18,37.53,37.89,37.5,37.8,33.9668691246,246815,0.0,1.0
2019-10-21,38.0,38.24,38.0,38.24,34.36225067,328177,0.0,1.0
2019-10-22,38.27,38.7,38.154,38.57,34.658786829,329197,0.0,1.0
2019-10-23,38.54,38.743,38.45,38.73,34.8025619364,333892,0.0,1.0
2019-10-24,38.81,38.81,38.357,38.55,34.6408149406,371760,0.0,1.0
2019-10-25,38.49,38.679,38.37,38.57,34.658786829,319625,0.0,1.0
2019-10-28,38.69,38.77,38.6,38.6,34.6857446616,413965,0.0,1.0
2019-10-29,38.6,38.823,38.574,38.68,34.7576322153,241774,0.0,1.0
2019-10-30,38.68,38.68,38.3,38.54,34.6318289963,308474,0.0,1.0
2019-10-31,38.45,38.47,38.01,38.28,34.3981944468,241093,0.0,1.0
2019-11-01,38.47,38.85,38.421,38.85,34.9103932669,368321,0.0,1.0
2019-11-04,39.05,39.3,39.0,39.27,35.2878029239,705727,0.0,1.0
2019-11-05,39.29,39.44,39.11,39.25,35.2698310355,475446,0.0,1.0
2019-11-06,39.27,39.37,39.03,39.18,35.206929426,269519,0.0,1.0
2019-11-07,39.38,39.45,39.18,39.27,35.2878029239,479724,0.0,1.0
2019-11-08,39.16,39.26,38.91,39.26,35.2788169797,395361,0.0,1.0
2019-11-11,39.1,39.102,38.979,39.07,35.1080840396,284035,0.0,1.0
2019-11-12,39.08,39.26,38.93,38.98,35.0272105417,386645,0.0,1.0
2019-11-13,38.9,39.01,38.76,38.88,34.9373510996,448775,0.0,1.0
2019-11-14,38.9,39.06,38.86,38.93,34.9822808206,730845,0.0,1.0
2019-11-15,39.12,39.23,38.991,39.23,35.251859147,314428,0.0,1.0
2019-11-18,39.25,39.27,39.1,39.21,35.2338872586,456940,0.0,1.0
2019-11-19,39.14,39.14,38.718,38.77,34.8385057132,367318,0.0,1.0
2019-11-20,38.7,38.75,38.36,38.56,34.6498008848,509070,0.0,1.0
2019-11-21,38.57,38.58,38.35,38.47,34.5689273869,311111,0.0,1.0
2019-11-22,38.62,38.746,38.53,38.7,34.7756041038,274728,0.0,1.0
2019-11-25,38.8,38.97,38.72,38.94,34.9912667649,355960,0.0,1.0
2019-11-26,38.98,38.98,38.77,38.86,34.9193792112,582089,0.0,1.0
2019-11-27,38.94,39.09,38.87,39.09,35.1260559281,341488,0.0,1.0
2019-11-29,39.04,39.044,38.854,38.9,34.955322988,124785,0.0,1.0
2019-12-02,38.92,38.97,38.61,38.61,34.6947306058,528183,0.0,1.0
2019-12-03,38.35,38.35,38.074,38.33,34.4431241679,869875,0.0,1.0
2019-12-04,38.43,38.76,38.4,38.57,34.658786829,318625,0.0,1.0
2019-12-05,38.68,38.71,38.48,38.62,34.70371655,274447,0.0,1.0
2019-12-06,38.85,39.07,38.85,38.96,35.0092386533,858742,0.0,1.0
2019-12-09,38.91,39.064,38.88,38.97,35.0182245975,288981,0.0,1.0
2019-12-10,38.95,38.987,38.796,38.9,34.955322988,355166,0.0,1.0
2019-12-11,38.94,38.99,38.79,38.83,34.8924213785,284451,0.0,1.0
2019-12-12,38.88,39.34,38.84,39.22,35.2428732028,649590,0.0,1.0
2019-12-13,39.25,39.315,38.873,38.98,35.0272105417,781966,0.0,1.0
2019-12-16,39.21,39.32,39.155,39.28,35.2967888681,584441,0.0,1.0
2019-12-17,39.31,39.4,39.23,39.28,35.2967888681,733396,0.0,1.0
2019-12-18,39.38,39.59,39.36,39.55,35.5394093618,430695,0.0,1.0
2019-12-19,39.57,39.62,39.49,39.61,35.5933250271,477020,0.0,1.0
2019-12-20,39.31,39.48,39.215,39.41,35.8602075702,455560,0.497,1.0
2019-12-23,39.46,39.489,39.31,39.32,35.7783141756,590571,0.0,1.0
2019-12-24,39.39,39.39,39.24,39.28,35.7419171114,249488,0.0,1.0
2019-12-26,39.37,39.43,39.28,39.4,35.8511083042,347150,0.0,1.0
2019-12-27,39.47,39.5,39.31,39.38,35.832909772,487685,0.0,1.0
2019-12-30,39.41,39.42,39.21,39.25,35.7146193132,349805,0.0,1.0
2019-12-31,39.22,39.48,39.18,39.46,35.9057039006,465156,0.0,1.0
2020-01-02,39.63,39.68,38.99,39.15,35.6236266525,817615,0.0,1.0
2020-01-03,38.88,39.04,38.85,38.98,35.4689391294,822116,0.0,1.0
2020-01-06,38.81,39.135,38.8,39.11,35.5872295882,611967,0.0,1.0
2020-01-07,39.09,39.12,38.86,39.03,35.5144354597,429266,0.0,1.0
2020-01-08,39.09,39.21,38.897,39.08,35.55993179,789565,0.0,1.0
2020-01-09,39.15,39.15,38.92,39.13,35.6054281204,620544,0.0,1.0
2020-01-10,39.2,39.21,39.01,39.06,35.5417332579,696761,0.0,1.0
2020-01-13,39.14,39.33,39.01,39.33,35.7874134417,485679,0.0,1.0
2020-01-14,39.32,39.47,39.235,39.44,35.8875053684,869382,0.0,1.0
2020-01-15,39.44,39.68,39.41,39.5,35.9421009648,790984,0.0,1.0
2020-01-16,39.69,39.9,39.68,39.9,36.3060716075,630925,0.0,1.0
2020-01-17,39.97,39.98,39.82,39.89,36.2969723415,540852,0.0,1.0
2020-01-21,39.78,39.795,39.54,39.72,36.1422848183,614074,0.0,1.0
2020-01-22,39.84,39.85,39.631,39.66,36.0876892219,318042,0.0,1.0
2020-01-23,39.59,39.806,39.31,39.77,36.1877811487,376549,0.0,1.0
2020-01-24,39.81,39.81,39.13,39.34,35.7965127078,442444,0.0,1.0
2020-01-27,38.88,38.906,38.68,38.72,35.2323582116,889413,0.0,1.0
2020-01-28,38.88,39.14,38.787,39.03,35.5144354597,371009,0.0,1.0
2020-01-29,39.18,39.24,38.85,38.86,35.3597479366,447832,0.0,1.0
2020-01-30,38.6,38.8851,38.3736,38.86,35.3597479366,568295,0.0,1.0
2020-01-31,38.72,38.72,37.98,38.13,34.6955015137,1129022,0.0,1.0
2020-02-03,38.36,38.59,38.2,38.23,34.7864941743,850191,0.0,1.0
2020-02-04,38.74,38.91,38.68,38.72,35.2323582116,459117,0.0,1.0
2020-02-05,39.05,39.54,39.0,39.51,35.9512002309,716368,0.0,1.0
2020-02-06,39.71,39.76,39.4,39.4,35.8511083042,490935,0.0,1.0
2020-02-07,39.25,39.27,39.02,39.1,35.5781303222,645105,0.0,1.0
2020-02-10,39.1,39.26,38.96,39.26,35.7237185792,517008,0.0,1.0
2020-02-11,39.44,39.64,39.405,39.47,35.9148031666,574069,0.0,1.0
2020-02-12,39.72,39.888,39.66,39.76,36.1786818826,328666,0.0,1.0
2020-02-13,39.6,39.6,39.37,39.56,35.9966965613,569457,0.0,1.0
2020-02-14,39.56,39.58,39.35,39.52,35.960299497,450605,0.0,1.0
2020-02-18,39.51,39.54,39.128,39.4,35.8511083042,520892,0.0,1.0
2020-02-19,39.53,39.53,39.29,39.36,35.8147112399,438228,0.0,1.0
2020-02-20,39.31,39.72,39.27,39.67,36.096788488,595913,0.0,1.0
2020-02-21,39.52,39.52,39.27,39.42,35.8693068363,540844,0.0,1.0
2020-02-24,38.54,38.55,38.07,38.21,34.7682956422,1997349,0.0,1.0
2020-02-25,38.37,38.38,36.65,36.75,33.4398027964,2312476,0.0,1.0
2020-02-26,36.94,37.15,36.18,36.2,32.9393431627,2531252,0.0,1.0
2020-02-27,35.63,36.09,34.613,34.63,31.5107583902,3806974,0.0,1.0
2020-02-28,33.78,34.29,33.11,34.18,31.1012914172,4201986,0.0,1.0
2020-03-02,34.59,35.48,33.76,35.48,32.2841960059,2878440,0.0,1.0
2020-03-03,35.52,36.14,34.21,34.59,31.4743613259,3452348,0.0,1.0
2020-03-04,35.12,35.67,34.76,35.67,32.4570820612,1308681,0.0,1.0
2020-03-05,34.88,34.96,34.0,34.31,31.219581876,1885589,0.0,1.0
2020-03-06,33.37,33.83,32.73,33.43,30.4188464621,2552507,0.0,1.0
2020-03-09,31.03,32.0,29.61,29.91,27.2159048065,5121922,0.0,1.0
2020-03-10,31.01,31.06,29.13,30.97,28.1804270097,2276296,0.0,1.0
2020-03-11,30.05,30.14,28.71,29.04,26.4242686587,2887705,0.0,1.0
2020-03-12,27.11,27.23,25.26,25.51,23.212227737,4909558,0.0,1.0
2020-03-13,27.29,27.97,25.57,27.92,25.4051508592,3637841,0.0,1.0
2020-03-16,25.25,26.054,23.98,24.03,21.8655363591,3553199,0.0,1.0
2020-03-17,24.66,25.69,23.35,25.57,23.2668233334,2690265,0.0,1.0
2020-03-18,24.1,24.49,22.33,23.49,21.3741759915,3742271,0.0,1.0
2020-03-19,23.48,24.4,22.38,23.62,21.4924664504,2290745,0.0,1.0
2020-03-20,23.51,23.898,22.23,22.33,20.6791622203,2415032,0.3962,1.0
2020-03-23,22.18,22.18,20.79,21.02,19.4660093986,2907331,0.0,1.0
2020-03-24,22.44,23.46,22.31,23.4,21.6700580365,3569362,0.0,1.0
2020-03-25,23.88,25.52,22.98,24.22,22.4294361386,3867606,0.0,1.0
2020-03-26,24.55,25.908,24.37,25.7,23.8000210058,4034284,0.0,1.0
2020-03-27,24.76,25.67,24.35,24.85,23.012860778,2298573,0.0,1.0
2020-03-30,25.0,25.244,24.3,25.16,23.2999427435,2068343,0.0,1.0
2020-03-31,25.1,25.22,24.31,24.6,22.781343064,1484080,0.0,1.0
2020-04-01,23.66,23.66,22.78,23.04,21.3366725282,3130660,0.0,1.0
2020-04-02,22.94,23.96,22.74,23.27,21.5496688251,1508058,0.0,1.0
2020-04-03,23.25,23.58,22.68,22.98,21.2811082768,1118668,0.0,1.0
2020-04-06,24.02,24.85,23.93,24.67,22.8461680239,1370974,0.0,1.0
2020-04-07,25.85,26.3,25.2,25.22,23.3555069948,1662609,0.0,1.0
2020-04-08,25.63,26.78,25.44,26.65,24.6797883193,1323950,0.0,1.0
2020-04-09,27.29,28.3,27.202,27.74,25.6892055526,2185900,0.0,1.0
2020-04-13,27.81,27.85,26.61,27.0,25.003913119,1873903,0.0,1.0
2020-04-14,27.6,27.805,27.108,27.47,25.4391664214,1289052,0.0,1.0
2020-04-15,26.59,26.59,25.77,26.11,24.1797100569,1806842,0.0,1.0
2020-04-16,26.16,26.17,25.467,25.62,23.7259353373,1011915,0.0,1.0
2020-04-17,26.53,26.99,26.36,26.92,24.9298274505,1145116,0.0,1.0
2020-04-20,26.37,26.8,26.0,26.15,24.2167528912,1467894,0.0,1.0
2020-04-21,25.49,25.88,25.24,25.42,23.5407211661,1010085,0.0,1.0
2020-04-22,25.98,26.02,25.48,25.64,23.7444567545,992181,0.0,1.0
2020-04-23,25.78,26.28,25.64,25.75,23.8463245487,844385,0.0,1.0
2020-04-24,25.99,26.23,25.6,26.06,24.1334065141,988650,0.0,1.0
2020-04-27,26.29,27.09,26.136,26.96,24.9668702847,1057829,0.0,1.0
2020-04-28,27.56,27.976,27.28,27.7,25.6521627184,2283327,0.0,1.0
2020-04-29,28.43,28.95,28.31,28.66,26.5411907404,1468562,0.0,1.0
2020-04-30,28.44,28.44,27.676,27.84,25.7818126382,1546791,0.0,1.0
2020-05-01,27.22,27.22,26.498,26.62,24.6520061936,1396822,0.0,1.0
2020-05-04,26.38,26.635,26.07,26.62,24.6520061936,1284269,0.0,1.0
2020-05-05,26.97,27.11,26.48,26.5,24.5408776909,1088188,0.0,1.0
2020-05-06,26.67,26.735,25.89,25.9,23.9852351771,1009245,0.0,1.0
2020-05-07,26.31,26.74,26.15,26.24,24.3000992682,1057840,0.0,1.0
2020-05-08,26.7,27.195,26.55,27.15,25.1428237474,878747,0.0,1.0
2020-05-11,26.98,27.0,26.52,26.73,24.7538739878,1112072,0.0,1.0
2020-05-12,26.91,27.0,26.05,26.07,24.1426672227,1339701,0.0,1.0
2020-05-13,26.0,26.007,25.0,25.2,23.3369855777,2914087,0.0,1.0
2020-05-14,24.86,25.58,24.31,25.56,23.670371086,1970681,0.0,1.0
2020-05-15,25.43,25.63,25.1,25.46,23.5777640003,1647459,0.0,1.0
2020-05-18,26.41,27.12,26.41,26.96,24.9668702847,2417934,0.0,1.0
2020-05-19,26.88,26.895,26.41,26.45,24.494574148,2027295,0.0,1.0
2020-05-20,26.85,27.025,26.76,26.89,24.9020453248,1491169,0.0,1.0
2020-05-21,26.87,27.04,26.6,26.8,24.8186989477,949142,0.0,1.0
2020-05-22,26.8,26.88,26.51,26.88,24.8927846162,891580,0.0,1.0
2020-05-26,27.68,28.14,27.68,27.95,25.8836804324,2356167,0.0,1.0
2020-05-27,28.58,28.79,28.076,28.68,26.5597121575,2739260,0.0,1.0
2020-05-28,28.98,28.98,28.201,28.31,26.2170659407,1717180,0.0,1.0
2020-05-29,28.19,28.21,27.63,28.08,26.0040696437,3271179,0.0,1.0
2020-06-01,28.01,28.53,27.92,28.4,26.3004123177,831562,0.0,1.0
2020-06-02,28.59,28.8,28.51,28.77,26.6430585346,988072,0.0,1.0
2020-06-03,29.16,29.81,29.16,29.7,27.5043044309,1528121,0.0,1.0
2020-06-04,29.58,30.03,29.32,30.03,27.8099078134,1193625,0.0,1.0
2020-06-05,31.14,31.53,31.01,31.1,28.8008036296,2866361,0.0,1.0
2020-06-08,31.55,32.196,31.5,32.18,29.8009601544,2140485,0.0,1.0
2020-06-09,31.63,31.65,31.11,31.34,29.0230606351,2042882,0.0,1.0
2020-06-10,31.33,31.35,30.38,30.38,28.1340326131,1614309,0.0,1.0
2020-06-11,29.02,29.329,28.06,28.16,26.0781553122,5252561,0.0,1.0
2020-06-12,29.18,29.24,28.23,28.88,26.7449263287,3089885,0.0,1.0
2020-06-15,28.06,29.38,27.86,29.18,27.0227475856,1912669,0.0,1.0
2020-06-16,30.28,30.355,29.2,29.78,27.5783900994,2377213,0.0,1.0
2020-06-17,29.89,29.89,29.25,29.29,27.1246153798,1364364,0.0,1.0
2020-06-18,29.06,29.46,28.89,29.31,27.1431367969,1418929,0.0,1.0
2020-06-19,29.44,29.44,28.395,28.47,26.7039152809,1748501,0.3657,1.0
2020-06-22,28.41,28.52,28.1,28.44,26.6757762764,1725195,0.0,1.0
2020-06-23,28.76,28.81,28.34,28.36,26.600738931,1199138,0.0,1.0
2020-06-24,28.06,28.06,27.07,27.37,25.6721517821,2084917,0.0,1.0
2020-06-25,27.26,27.63,27.092,27.62,25.9066434864,1634959,0.0,1.0
2020-06-26,27.45,27.46,26.78,26.9,25.2313073781,2134494,0.0,1.0
2020-06-29,27.16,27.53,26.98,27.52,25.8128468047,1169997,0.0,1.0
2020-06-30,27.46,28.0,27.36,27.85,26.1223758543,1109961,0.0,1.0
2020-07-01,27.98,28.14,27.68,27.77,26.047338509,1238247,0.0,1.0
2020-07-02,28.23,28.43,27.85,27.9,26.1692741952,1154245,0.0,1.0
2020-07-06,28.4,28.464,27.88,28.05,26.3099692177,983755,0.0,1.0
2020-07-07,27.81,27.81,27.505,27.55,25.8409858092,1144930,0.0,1.0
2020-07-08,27.59,27.7,27.29,27.55,25.8409858092,1109180,0.0,1.0
2020-07-09,27.5,27.5,26.62,26.79,25.1281310283,1771347,0.0,1.0
2020-07-10,26.82,27.54,26.82,27.52,25.8128468047,2111463,0.0,1.0
2020-07-13,27.74,27.91,27.41,27.54,25.831606141,1883447,0.0,1.0
2020-07-14,27.51,27.96,27.37,27.91,26.1786538633,1701923,0.0,1.0
2020-07-15,28.41,28.54,28.18,28.47,26.7039152809,1565435,0.0,1.0
2020-07-16,28.34,28.705,28.227,28.47,26.7039152809,1346717,0.0,1.0
2020-07-17,28.56,28.66,28.33,28.45,26.6851559445,891391,0.0,1.0
2020-07-20,28.4,28.44,27.98,27.98,26.2443115405,1132968,0.0,1.0
2020-07-21,28.24,28.6,28.2,28.42,26.65701694,1207621,0.0,1.0
2020-07-22,28.31,28.54,28.1023,28.51,26.7414339536,1176923,0.0,1.0
2020-07-23,28.51,28.7203,28.3799,28.57,26.7977119626,1741125,0.0,1.0
2020-07-24,28.61,28.74,28.3,28.38,26.6194982673,2188508,0.0,1.0
2020-07-27,28.4,28.43,28.11,28.41,26.6476372719,1439137,0.0,1.0
2020-07-28,28.38,28.65,28.35,28.49,26.7226746172,1046511,0.0,1.0
2020-07-29,28.55,28.855,28.3726,28.83,27.041583335,1373023,0.0,1.0
2020-07-30,28.5,28.5,28.11,28.34,26.5819795947,1337142,0.0,1.0
2020-07-31,28.27,28.27,27.73,28.03,26.2912098814,1416517,0.0,1.0
2020-08-03,28.13,28.13,27.7,27.89,26.159894527,2198187,0.0,1.0
2020-08-04,27.8,28.11,27.79,28.06,26.3193488859,1585466,0.0,1.0
2020-08-05,28.26,28.39,28.0907,28.19,26.4412845721,1518567,0.0,1.0
2020-08-06,28.11,28.38,28.03,28.15,26.4037658994,1380788,0.0,1.0
2020-08-07,28.05,28.67,27.899,28.67,26.8915086443,1671309,0.0,1.0
2020-08-10,28.77,29.2884,28.74,29.23,27.4167700618,1834939,0.0,1.0
2020-08-11,29.7,30.05,29.21,29.3,27.482427739,2542444,0.0,1.0
2020-08-12,29.66,29.73,29.06,29.31,27.4918074072,1552052,0.0,1.0
2020-08-13,29.19,29.225,28.77,28.86,27.0697223395,1357026,0.0,1.0
2020-08-14,28.81,29.22,28.65,29.08,27.2760750393,973530,0.0,1.0
2020-08-17,29.11,29.1261,28.7836,28.92,27.1260003485,936641,0.0,1.0
2020-08-18,28.9,28.9,28.54,28.58,26.8070916308,898320,0.0,1.0
2020-08-19,28.64,28.83,28.41,28.45,26.6851559445,1029594,0.0,1.0
2020-08-20,28.27,28.41,28.1499,28.21,26.4600439084,986416,0.0,1.0
2020-08-21,28.18,28.23,27.965,28.12,26.3756268949,865454,0.0,1.0
2020-08-24,28.28,28.89,28.09,28.89,27.097861344,1109612,0.0,1.0
2020-08-25,29.07,29.14,28.53,28.74,26.9571663215,918277,0.0,1.0
2020-08-26,28.73,28.73,28.35,28.4,26.6382576037,1012692,0.0,1.0
2020-08-27,28.5,28.88,28.5,28.75,26.9665459896,1044756,0.0,1.0
2020-08-28,28.86,28.99,28.63,28.99,27.1916580257,783867,0.0,1.0
2020-08-31,29.0,29.0,28.47,28.48,26.713294949,1278889,0.0,1.0
2020-09-01,28.44,28.55,28.14,28.46,26.6945356127,1252412,0.0,1.0
2020-09-02,28.54,29.1,28.4,29.04,27.2385563666,1253404,0.0,1.0
2020-09-03,29.11,29.67,28.58,28.79,27.0040646623,3411382,0.0,1.0
2020-09-04,29.11,29.315,28.55,28.99,27.1916580257,3146848,0.0,1.0
2020-09-08,28.86,28.86,28.31,28.43,26.6663966082,2049165,0.0,1.0
2020-09-09,28.68,28.73,28.4,28.51,26.7414339536,1489584,0.0,1.0
2020-09-10,28.61,28.72,28.015,28.03,26.2912098814,1748602,0.0,1.0
2020-09-11,28.18,28.319,27.9763,28.26,26.5069422493,1347113,0.0,1.0
2020-09-14,28.48,29.03,28.45,28.93,27.1353800167,1597701,0.0,1.0
2020-09-15,29.06,29.165,28.74,28.8,27.0134443305,886893,0.0,1.0
2020-09-16,28.92,29.58,28.8235,29.23,27.4167700618,1316833,0.0,1.0
2020-09-17,28.9,29.19,28.63,29.1,27.2948343756,1661021,0.0,1.0
2020-09-18,28.83,28.83,28.31,28.37,26.8573403891,1151843,0.2636,1.0
2020-09-21,27.87,27.87,27.051,27.35,25.891725754,3548297,0.0,1.0
2020-09-22,27.35,27.68,27.16,27.27,25.8159912728,1161657,0.0,1.0
2020-09-23,27.33,27.56,26.56,26.58,25.1627813726,1572031,0.0,1.0
2020-09-24,26.58,26.995,26.15,26.65,25.2290490437,1305485,0.0,1.0
2020-09-25,26.56,27.02,26.37,26.96,25.5225201582,820257,0.0,1.0
2020-09-28,27.32,27.76,27.32,27.59,26.1189291976,2015545,0.0,1.0
2020-09-29,27.59,27.59,26.9818,27.23,25.7781240322,769322,0.0,1.0
2020-09-30,27.35,27.7,27.17,27.4,25.9390598047,824101,0.0,1.0
2020-10-01,27.5,27.58,27.13,27.43,25.9674602352,1132800,0.0,1.0
2020-10-02,27.06,28.0425,26.98,27.93,26.4408007426,1054393,0.0,1.0
2020-10-05,28.15,28.47,28.07,28.44,26.9236080601,713586,0.0,1.0
2020-10-06,28.59,29.06,28.22,28.3,26.791072718,1099504,0.0,1.0
2020-10-07,28.56,28.89,28.52,28.78,27.2454796051,641111,0.0,1.0
2020-10-08,28.94,29.34,28.94,29.34,27.7756209734,901847,0.0,1.0
2020-10-09,29.5,29.5849,29.03,29.1,27.5484175299,850309,0.0,1.0
2020-10-12,29.18,29.27,28.9801,29.21,27.6525524415,780809,0.0,1.0
2020-10-13,29.12,29.12,28.56,28.7,27.1697451239,739035,0.0,1.0
2020-10-14,28.75,28.96,28.66,28.68,27.1508115037,1175393,0.0,1.0
2020-10-15,28.41,28.91,28.32,28.89,27.3496145168,840681,0.0,1.0
2020-10-16,28.97,28.97,28.57,28.72,27.1886787442,707428,0.0,1.0
2020-10-19,28.82,28.87,28.29,28.34,26.8289399586,851479,0.0,1.0
2020-10-20,28.56,28.85,28.49,28.56,27.0372097819,749946,0.0,1.0
2020-10-21,28.56,28.59,28.33,28.42,26.9046744398,704400,0.0,1.0
2020-10-22,28.48,29.16,28.42,29.12,27.5673511502,584476,0.0,1.0
2020-10-23,29.25,29.42,28.951,29.24,27.6809528719,821956,0.0,1.0
2020-10-26,28.94,28.94,28.25,28.56,27.0372097819,1016697,0.0,1.0
2020-10-27,28.59,28.59,27.89,27.9,26.4124003121,847023,0.0,1.0
2020-10-28,27.41,27.56,26.96,27.0,25.5603873988,1397230,0.0,1.0
2020-10-29,26.99,27.61,26.65,27.49,26.0242610961,1197651,0.0,1.0
2020-10-30,27.36,27.6,27.09,27.6,26.1283960077,1094042,0.0,1.0
2020-11-02,27.89,28.48,27.6469,28.41,26.8952076297,948276,0.0,1.0
2020-11-03,28.75,29.17,28.73,29.02,27.4726830487,917266,0.0,1.0
2020-11-04,28.93,28.93,28.16,28.21,26.7058714267,1093530,0.0,1.0
2020-11-05,28.5,28.99,28.39,28.8,27.2644132254,1028921,0.0,1.0
2020-11-06,28.84,29.03,28.06,28.19,26.6869378064,769128,0.0,1.0
2020-11-09,29.77,31.585,29.77,31.06,29.4039123188,4224750,0.0,1.0
2020-11-10,31.1,31.6192,31.05,31.55,29.867786016,1533674,0.0,1.0
2020-11-11,31.72,31.72,30.985,31.2,29.5364476609,983395,0.0,1.0
2020-11-12,30.87,30.87,29.93,30.3,28.6844347476,1000559,0.0,1.0
2020-11-13,30.5,31.37,30.465,31.28,29.6121821421,1044137,0.0,1.0
2020-11-16,32.08,32.34,31.78,32.27,30.5493963467,1352743,0.0,1.0
2020-11-17,31.98,32.34,31.62,32.24,30.5209959162,713758,0.0,1.0
2020-11-18,32.37,32.57,31.739,31.74,30.0476554089,781634,0.0,1.0
2020-11-19,31.69,31.855,31.3,31.84,30.1423235103,762802,0.0,1.0
2020-11-20,31.77,31.84,31.54,31.72,30.0287217886,746216,0.0,1.0
2020-11-23,32.02,32.64,32.0,32.5,30.7671329801,888598,0.0,1.0
2020-11-24,33.0,33.67,33.0,33.61,31.8179489065,1217950,0.0,1.0
2020-11-25,33.47,33.5,32.98,33.2,31.4298096904,918607,0.0,1.0
2020-11-27,33.25,33.25,32.8433,32.94,31.1836726266,619720,0.0,1.0
2020-11-30,32.83,32.83,32.11,32.18,30.4641950554,1030198,0.0,1.0
2020-12-01,32.75,32.989,32.59,32.65,30.9091351323,1014659,0.0,1.0
2020-12-02,32.6,33.16,32.47,33.12,31.3540752092,871662,0.0,1.0
2020-12-03,33.12,33.6011,33.04,33.42,31.6380795137,1174381,0.0,1.0
2020-12-04,33.62,34.09,33.62,34.09,32.2723557936,675080,0.0,1.0
2020-12-07,33.95,33.959,33.56,33.75,31.9504842485,1069126,0.0,1.0
2020-12-08,33.51,33.91,33.45,33.82,32.0167519196,681617,0.0,1.0
2020-12-09,33.96,34.159,33.621,33.85,32.04515235,694556,0.0,1.0
2020-12-10,33.7,33.9,33.59,33.85,32.04515235,502665,0.0,1.0
2020-12-11,33.61,33.715,33.315,33.6,31.8084820963,848741,0.0,1.0
2020-12-14,34.0,34.0,33.05,33.08,31.3162079686,1394136,0.0,1.0
2020-12-15,33.36,33.7,33.08,33.69,31.8936833877,706290,0.0,1.0
2020-12-16,33.76,33.79,33.48,33.57,31.7800816659,640823,0.0,1.0
2020-12-17,33.72,33.722,33.36,33.58,31.789548476,589724,0.0,1.0
2020-12-18,33.01,33.0515,32.41,32.63,31.4644743091,1136261,0.6066,1.0
2020-12-21,32.18,32.42,31.85,32.32,31.165547339,1157850,0.0,1.0
2020-12-22,32.38,32.43,32.135,32.15,31.0016196457,803047,0.0,1.0
2020-12-23,32.3201,32.76,32.3201,32.56,31.3969746707,881366,0.0,1.0
2020-12-24,32.6201,32.64,32.2663,32.59,31.4259030872,510691,0.0,1.0
2020-12-28,32.82,33.08,32.6,32.67,31.5030455311,867520,0.0,1.0
2020-12-29,32.8,32.835,32.29,32.4,31.2426897829,784022,0.0,1.0
2020-12-30,32.49,32.83,32.45,32.71,31.541616753,725289,0.0,1.0
2020-12-31,32.68,32.99,32.48,32.94,31.7634012793,675176,0.0,1.0
2021-01-04,33.12,33.1645,32.1733,32.4,31.2426897829,1262192,0.0,1.0
2021-01-05,32.4,32.99,32.38,32.71,31.541616753,748312,0.0,1.0
2021-01-06,33.05,34.215,33.05,33.97,32.7566102446,1738887,0.0,1.0
2021-01-07,34.23,34.38,34.055,34.1,32.881966716,808359,0.0,1.0
2021-01-08,34.2,34.2,33.61,33.97,32.7566102446,833296,0.0,1.0
2021-01-11,33.67,34.1,33.5016,34.05,32.8337526885,867956,0.0,1.0
2021-01-12,34.09,34.56,34.06,34.52,33.2869645465,832509,0.0,1.0
2021-01-13,34.49,34.68,34.34,34.58,33.3448213794,777369,0.0,1.0
2021-01-14,34.74,35.305,34.614,35.1,33.8462472648,1144737,0.0,1.0
2021-01-15,34.77,34.92,34.3422,34.78,33.5376774892,909121,0.0,1.0
2021-01-19,35.0,35.0,34.58,34.79,33.5473202947,1100715,0.0,1.0
2021-01-20,34.83,34.905,34.61,34.85,33.6051771276,762795,0.0,1.0
2021-01-21,34.9,34.9,34.48,34.56,33.3255357684,632512,0.0,1.0
2021-01-22,34.21,34.505,34.05,34.45,33.2194649081,704466,0.0,1.0
2021-01-25,34.21,34.66,34.0793,34.55,33.3158929629,1022216,0.0,1.0
2021-01-26,34.68,34.87,34.35,34.67,33.4316066288,779667,0.0,1.0
2021-01-27,34.25,34.67,34.18,34.29,33.0651800202,2034575,0.0,1.0
2021-01-28,34.38,34.76,34.31,34.31,33.0844656312,1568901,0.0,1.0
2021-01-29,34.21,34.4487,33.48,33.59,32.390183636,1451585,0.0,1.0
2021-02-01,33.89,33.8908,33.3701,33.81,32.6023253568,990075,0.0,1.0
2021-02-02,34.09,34.345,33.87,34.03,32.8144670775,819699,0.0,1.0
2021-02-03,34.09,34.53,33.92,34.45,33.2194649081,847912,0.0,1.0
2021-02-04,34.5,34.99,34.43,34.96,33.711247988,881984,0.0,1.0
2021-02-05,35.17,35.3,35.03,35.14,33.8848184868,866059,0.0,1.0
2021-02-08,35.28,35.61,35.26,35.6,34.3283875392,874978,0.0,1.0
2021-02-09,35.6,35.785,35.49,35.71,34.4344583996,981461,0.0,1.0
2021-02-10,35.89,36.045,35.6884,35.92,34.6369573149,1679548,0.0,1.0
2021-02-11,35.99,36.02,35.48,35.81,34.5308864545,771238,0.0,1.0
2021-02-12,35.74,36.0,35.67,35.99,34.7044569533,687438,0.0,1.0
2021-02-16,36.18,36.34,36.1,36.18,34.8876702576,1005694,0.0,1.0
2021-02-17,36.2,36.361,35.99,36.34,35.0419551454,854618,0.0,1.0
2021-02-18,36.17,36.3,36.0063,36.1,34.8105278137,718553,0.0,1.0
2021-02-19,36.24,36.64,36.21,36.52,35.2155256442,1074968,0.0,1.0
2021-02-22,36.5,37.34,36.5,37.19,35.8615936119,1078047,0.0,1.0
2021-02-23,37.36,37.57,36.94,37.51,36.1701633876,1418491,0.0,1.0
2021-02-24,37.58,38.35,37.54,38.29,36.9223022157,1301808,0.0,1.0
2021-02-25,38.42,38.44,37.26,37.42,36.0833781382,2061499,0.0,1.0
2021-02-26,37.39,37.47,36.59,36.82,35.5048098088,2500434,0.0,1.0
2021-03-01,37.37,37.935,37.36,37.63,36.2858770534,1513454,0.0,1.0
2021-03-02,37.66,37.77,37.43,37.51,36.1701633876,1085869,0.0,1.0
2021-03-03,37.58,38.35,37.58,37.92,36.5655184126,1792074,0.0,1.0
2021-03-04,37.93,38.2,36.94,37.57,36.2280202205,2706400,0.0,1.0
2021-03-05,38.04,38.54,37.25,38.42,37.047658687,2235203,0.0,1.0
2021-03-08,38.67,39.47,38.56,39.18,37.7805119041,2135690,0.0,1.0
2021-03-09,39.1,39.32,38.63,38.73,37.3465856572,1851022,0.0,1.0
2021-03-10,38.81,39.5364,38.79,39.44,38.0312248468,1335385,0.0,1.0
2021-03-11,39.41,39.8,39.22,39.38,37.9733680139,1287952,0.0,1.0
2021-03-12,39.7,39.86,39.61,39.86,38.4362226774,1157038,0.0,1.0
2021-03-15,39.862,39.97,39.47,39.92,38.4940795103,1778216,0.0,1.0
2021-03-16,39.75,39.75,39.161,39.37,37.9637252084,1865069,0.0,1.0
2021-03-17,39.5,39.65,39.198,39.62,38.2047953456,1184519,0.0,1.0
2021-03-18,39.69,39.96,39.14,39.24,37.8383687371,1694159,0.0,1.0
2021-03-19,38.59,38.795,38.09,38.36,37.6032376038,2212288,0.6362,1.0
2021-03-22,38.32,38.35,37.97,38.15,37.3973804636,1541436,0.0,1.0
2021-03-23,37.85,38.07,37.32,37.48,36.7405981592,1854272,0.0,1.0
2021-03-24,37.66,38.18,37.5598,37.57,36.8288226479,1878218,0.0,1.0
2021-03-25,37.44,38.38,37.075,38.3,37.544421278,2161959,0.0,1.0
2021-03-26,38.63,38.93,38.37,38.9,38.1325845356,2211287,0.0,1.0
2021-03-29,38.65,38.82,38.23,38.52,37.7600811391,1342868,0.0,1.0
2021-03-30,38.55,38.82,38.44,38.73,37.9659382793,1170382,0.0,1.0
2021-03-31,38.72,38.77,38.42,38.5,37.7404756972,1301927,0.0,1.0
2021-04-01,38.59,38.96,38.33,38.96,38.1914008614,1467589,0.0,1.0
2021-04-05,39.28,39.28,38.82,38.98,38.2110063033,1808622,0.0,1.0
2021-04-06,39.0,39.155,38.915,39.03,38.2600199081,1000623,0.0,1.0
2021-04-07,39.1,39.26,38.91,39.12,38.3482443967,1022175,0.0,1.0
2021-04-08,39.11,39.12,38.6591,38.86,38.0933736518,1026495,0.0,1.0
2021-04-09,39.02,39.11,38.805,38.97,38.2012035823,1132292,0.0,1.0
2021-04-12,39.04,39.1799,38.98,39.17,38.3972580015,956203,0.0,1.0
2021-04-13,39.07,39.085,38.671,39.01,38.2404144662,1116260,0.0,1.0
2021-04-14,39.05,39.46,38.99,39.24,38.4658770483,1356535,0.0,1.0
2021-04-15,39.39,39.39,39.025,39.34,38.5639042579,1331202,0.0,1.0
2021-04-16,39.55,39.72,39.42,39.52,38.7403532352,1007734,0.0,1.0
2021-04-19,39.55,39.6,39.285,39.37,38.5933124207,1427928,0.0,1.0
2021-04-20,39.29,39.29,38.85,39.03,38.2600199081,1136530,0.0,1.0
2021-04-21,39.0,39.655,38.84,39.62,38.8383804448,1058338,0.0,1.0
2021-04-22,39.68,39.68,39.02,39.06,38.289428071,1167363,0.0,1.0
2021-04-23,39.14,39.64,39.02,39.53,38.7501559561,1034570,0.0,1.0
2021-04-26,39.63,39.9,39.575,39.69,38.9069994915,1339769,0.0,1.0
2021-04-27,39.73,39.845,39.5601,39.8,39.014829422,1004730,0.0,1.0
2021-04-28,39.91,40.16,39.91,40.04,39.2500947251,1044973,0.0,1.0
2021-04-29,40.3,40.655,40.17,40.49,39.6912171683,1304089,0.0,1.0
2021-04-30,40.42,40.43,40.0699,40.21,39.4167409814,1555409,0.0,1.0
2021-05-03,40.53,40.8986,40.35,40.62,39.8186525408,1418419,0.0,1.0
2021-05-04,40.55,40.81,40.3601,40.8,39.9951015181,1527638,0.0,1.0
2021-05-05,40.91,40.925,40.77,40.89,40.0833260067,767648,0.0,1.0
2021-05-06,40.99,41.44,40.72,41.44,40.6224756595,1503100,0.0,1.0
2021-05-07,41.23,41.76,41.055,41.74,40.9165572883,1474984,0.0,1.0
2021-05-10,42.03,42.41,41.8418,41.86,41.0341899399,2068709,0.0,1.0
2021-05-11,41.46,41.67,40.97,41.23,40.4166185194,1929847,0.0,1.0
2021-05-12,41.32,41.41,40.4,40.46,39.6618090054,6943495,0.0,1.0
2021-05-13,40.42,41.305,40.31,41.13,40.3185913098,6023806,0.0,1.0
2021-05-14,41.35,41.885,41.35,41.81,40.9851763351,5900447,0.0,1.0
2021-05-17,41.8,42.12,41.7062,42.08,41.249849801,4395277,0.0,1.0
2021-05-18,42.03,42.04,41.61,41.63,40.8087273578,4842424,0.0,1.0
2021-05-19,41.17,41.23,40.55,41.23,40.4166185194,2103039,0.0,1.0
2021-05-20,41.25,41.4216,40.93,41.26,40.4460266822,1892362,0.0,1.0
2021-05-21,41.45,41.67,41.2658,41.45,40.6322783805,2147227,0.0,1.0
2021-05-24,41.67,41.82,41.44,41.69,40.8675436835,1170014,0.0,1.0
2021-05-25,41.75,41.75,41.025,41.09,40.2793804259,2018415,0.0,1.0
2021-05-26,41.18,41.35,41.005,41.33,40.514645729,1498632,0.0,1.0
2021-05-27,41.59,41.73,41.47,41.55,40.7303055901,1684117,0.0,1.0
2021-05-28,41.76,41.76,41.4,41.64,40.8185300787,1754079,0.0,1.0
2021-06-01,41.94,42.12,41.869,42.11,41.2792579639,1840888,0.0,1.0
2021-06-02,42.22,42.4,41.94,42.35,41.5145232669,1470173,0.0,1.0
2021-06-03,42.18,42.4811,42.07,42.42,41.5831423136,1156680,0.0,1.0
2021-06-04,42.56,42.56,42.1469,42.42,41.5831423136,1316275,0.0,1.0
2021-06-07,42.48,42.56,42.34,42.42,41.5831423136,1817078,0.0,1.0
2021-06-08,42.38,42.5491,42.1,42.51,41.6713668023,1847646,0.0,1.0
2021-06-09,42.52,42.52,42.29,42.29,41.4557069412,1201514,0.0,1.0
2021-06-10,42.61,42.64,42.11,42.18,41.3478770106,1568288,0.0,1.0
2021-06-11,42.29,42.3467,42.11,42.33,41.494917825,1067185,0.0,1.0
2021-06-14,42.33,42.42,41.82,42.03,41.2008361962,2303242,0.0,1.0
2021-06-15,42.1,42.26,41.87,42.13,41.2988634058,1033385,0.0,1.0
2021-06-16,42.09,42.09,41.61,41.81,40.9851763351,1776146,0.0,1.0
2021-06-17,41.87,41.87,40.54,40.74,39.9362851923,3521427,0.0,1.0
2021-06-18,39.98,39.98,39.29,39.32,38.9353411183,3599458,0.3989,1.0
2021-06-21,39.61,40.32,39.61,40.29,39.8958518224,2638951,0.0,1.0
2021-06-22,40.22,40.34,39.9562,40.15,39.7572214115,1466004,0.0,1.0
2021-06-23,40.22,40.29,40.085,40.09,39.6978083783,1460830,0.0,1.0
2021-06-24,40.24,40.38,40.035,40.33,39.9354605112,1209428,0.0,1.0
2021-06-25,40.4,40.74,40.32,40.71,40.3117430551,1310558,0.0,1.0
2021-06-28,40.68,40.69,40.03,40.15,39.7572214115,1383728,0.0,1.0
2021-06-29,40.29,40.42,39.895,39.93,39.539373623,1230998,0.0,1.0
2021-06-30,39.91,40.15,39.91,40.09,39.6978083783,1408504,0.0,1.0
2021-07-01,40.31,40.59,40.17,40.44,40.0443844055,1946039,0.0,1.0
2021-07-02,40.43,40.44,40.185,40.36,39.9651670279,995821,0.0,1.0
2021-07-06,40.27,40.27,39.44,39.76,39.3710366954,2383701,0.0,1.0
2021-07-07,39.58,39.79,39.361,39.67,39.2819171456,2731654,0.0,1.0
2021-07-08,39.17,39.539,38.95,39.28,38.8957324295,1953002,0.0,1.0
2021-07-09,39.67,40.16,39.63,40.16,39.7671235837,2248141,0.0,1.0
2021-07-12,39.98,40.4,39.7,40.35,39.9552648556,1684175,0.0,1.0
2021-07-13,40.24,40.295,39.75,39.81,39.4205475565,1375072,0.0,1.0
2021-07-14,39.86,40.16,39.555,39.76,39.3710366954,1637997,0.0,1.0
2021-07-15,39.52,39.9,39.5,39.78,39.3908410398,1900326,0.0,1.0
2021-07-16,39.92,39.94,39.23,39.29,38.9056346017,1131623,0.0,1.0
2021-07-19,38.62,38.69,37.92,38.21,37.8362000033,4168216,0.0,1.0
2021-07-20,38.27,39.215,38.16,39.02,38.6382759521,1890723,0.0,1.0
2021-07-21,39.29,39.73,39.28,39.49,39.1036780458,1401855,0.0,1.0
2021-07-22,39.48,39.48,38.94,39.06,38.6778846409,1643881,0.0,1.0
2021-07-23,39.28,39.387,39.01,39.27,38.8858302573,1483363,0.0,1.0
2021-07-26,39.27,39.71,39.27,39.63,39.2423084567,1928700,0.0,1.0
2021-07-27,39.44,39.7,39.165,39.69,39.30172149,1544946,0.0,1.0
2021-07-28,39.75,39.81,39.29,39.61,39.2225041123,2767326,0.0,1.0
2021-07-29,39.85,40.067,39.73,39.86,39.4700584175,1191519,0.0,1.0
2021-07-30,39.77,40.03,39.441,39.5,39.113580218,1279997,0.0,1.0
2021-08-02,39.69,40.19,39.44,39.47,39.0838737014,1479058,0.0,1.0
2021-08-03,39.58,39.87,39.12,39.84,39.4502540731,1650597,0.0,1.0
2021-08-04,39.6,39.6499,39.18,39.18,38.7967107074,1842882,0.0,1.0
2021-08-05,39.41,39.65,39.38,39.65,39.2621128012,1287868,0.0,1.0
2021-08-06,39.85,40.1,39.84,39.93,39.539373623,1462980,0.0,1.0
2021-08-09,39.83,39.945,39.66,39.82,39.4304497287,760228,0.0,1.0
2021-08-10,39.89,40.25,39.73,40.17,39.7770257559,1577706,0.0,1.0
2021-08-11,40.23,40.5846,40.0799,40.58,40.1830148164,926295,0.0,1.0
2021-08-12,40.59,40.64,40.28,40.53,40.1335039554,1016287,0.0,1.0
2021-08-13,40.56,40.65,40.43,40.55,40.1533082998,790858,0.0,1.0
2021-08-16,40.44,40.67,40.18,40.48,40.0839930943,1146112,0.0,1.0
2021-08-17,40.26,40.42,39.82,40.26,39.8661453058,2690319,0.0,1.0
2021-08-18,40.14,40.2157,39.7,39.74,39.351232351,1085356,0.0,1.0
2021-08-19,39.43,39.74,39.18,39.44,39.0541671848,1991112,0.0,1.0
2021-08-20,39.37,39.775,39.22,39.73,39.3413301788,1176297,0.0,1.0
2021-08-23,39.96,40.1,39.925,40.0,39.6086888284,992724,0.0,1.0
2021-08-24,40.08,40.21,39.91,40.14,39.7473192393,1049118,0.0,1.0
2021-08-25,40.15,40.565,39.97,40.38,39.9849713723,691472,0.0,1.0
2021-08-26,40.38,40.38,40.0,40.02,39.6284931728,840727,0.0,1.0
2021-08-27,40.13,40.635,40.13,40.49,40.0938952665,634132,0.0,1.0
2021-08-30,40.54,40.54,40.2,40.22,39.826536617,813754,0.0,1.0
2021-08-31,40.21,40.48,40.17,40.42,40.0245800611,857702,0.0,1.0
2021-09-01,40.49,40.535,40.2,40.35,39.9552648556,1104673,0.0,1.0
2021-09-02,40.45,40.67,40.43,40.67,40.2721343663,741696,0.0,1.0
2021-09-03,40.61,40.67,40.37,40.49,40.0938952665,992374,0.0,1.0
2021-09-07,40.46,40.46,40.0301,40.08,39.6879062061,1120110,0.0,1.0
2021-09-08,40.03,40.2873,39.97,40.11,39.7176127227,1117415,0.0,1.0
2021-09-09,40.02,40.2709,39.88,39.96,39.5690801396,836639,0.0,1.0
2021-09-10,40.13,40.145,39.58,39.59,39.2026997679,1157844,0.0,1.0
2021-09-13,39.91,40.2,39.8623,40.05,39.6581996894,1304698,0.0,1.0
2021-09-14,40.19,40.2,39.5299,39.65,39.2621128012,1191263,0.0,1.0
2021-09-15,39.69,40.175,39.653,40.12,39.7275148949,850405,0.0,1.0
2021-09-16,40.12,40.21,39.74,39.89,39.4997649341,798070,0.0,1.0
2021-09-17,39.4,39.595,39.13,39.13,39.13,1172063,0.3866,1.0
2021-09-20,38.61,38.7381,38.09,38.57,38.57,2760488,0.0,1.0
2021-09-21,38.79,38.89,38.41,38.41,38.41,1431060,0.0,1.0
2021-09-22,38.77,39.13,38.75,38.85,38.85,1472348,0.0,1.0
2021-09-23,39.05,39.635,38.98,39.39,39.39,1297151,0.0,1.0
2021-09-24,39.33,39.62,39.31,39.41,39.41,698932,0.0,1.0
2021-09-27,39.64,40.195,39.64,39.89,39.89,1313387,0.0,1.0
2021-09-28,39.92,40.12,39.545,39.64,39.64,1369556,0.0,1.0
2021-09-29,39.73,40.01,39.55,39.85,39.85,1118359,0.0,1.0
2021-09-30,39.92,39.97,39.1,39.12,39.12,1507930,0.0,1.0
2021-10-01,39.35,39.935,39.11,39.73,39.73,1182509,0.0,1.0
2021-10-04,39.7,40.15,39.67,39.93,39.93,1504760,0.0,1.0
2021-10-05,40.11,40.23,39.82,39.96,39.96,1125876,0.0,1.0
2021-10-06,39.68,39.99,39.21,39.98,39.98,2052043,0.0,1.0
2021-10-07,40.18,40.4175,40.07,40.14,40.14,1180174,0.0,1.0
2021-10-08,40.14,40.34,40.06,40.11,40.11,1143361,0.0,1.0
2021-10-11,40.2,40.38,39.96,39.98,39.98,1678253,0.0,1.0
2021-10-12,39.96,40.125,39.83,39.96,39.96,1404122,0.0,1.0
2021-10-13,39.89,40.08,39.47,40.01,40.01,1413687,0.0,1.0
2021-10-14,40.28,40.6299,40.18,40.62,40.62,899863,0.0,1.0
2021-10-15,40.81,40.91,40.6,40.62,40.62,848490,0.0,1.0
2021-10-18,40.48,40.66,40.32,40.44,40.44,631746,0.0,1.0
2021-10-19,40.62,40.666,40.445,40.65,40.65,797485,0.0,1.0
2021-10-20,40.57,41.19,40.52,41.18,41.18,1126519,0.0,1.0
2021-10-21,41.11,41.1688,40.64,40.85,40.85,558113,0.0,1.0
2021-10-22,40.98,41.19,40.84,41.03,41.03,597703,0.0,1.0
2021-10-25,41.12,41.16,40.91,41.08,41.08,1223117,0.0,1.0
2021-10-26,41.1,41.2061,41.011,41.06,41.06,666129,0.0,1.0
2021-10-27,41.02,41.02,40.35,40.37,40.37,714709,0.0,1.0
2021-10-28,40.41,40.61,40.3634,40.61,40.61,1228414,0.0,1.0
2021-10-29,40.6,40.67,40.2,40.31,40.31,1411695,0.0,1.0
2021-11-01,40.5,40.865,40.44,40.86,40.86,1182058,0.0,1.0
2021-11-02,40.92,40.97,40.69,40.92,40.92,746072,0.0,1.0
2021-11-03,40.76,41.38,40.725,41.32,41.32,752713,0.0,1.0
2021-11-04,41.33,41.365,40.645,40.9,40.9,800058,0.0,1.0
2021-11-05,41.2,41.6027,41.2,41.4,41.4,906016,0.0,1.0
2021-11-08,41.51,41.55,41.1356,41.22,41.22,1221359,0.0,1.0
2021-11-09,41.22,41.2838,41.03,41.27,41.27,779893,0.0,1.0
2021-11-10,41.27,41.5167,41.25,41.32,41.32,646335,0.0,1.0
2021-11-11,41.37,41.61,41.26,41.57,41.57,663197,0.0,1.0
2021-11-12,41.62,41.67,41.4,41.49,41.49,739917,0.0,1.0
2021-11-15,41.64,41.775,41.47,41.74,41.74,961817,0.0,1.0
2021-11-16,41.78,41.7999,41.48,41.51,41.51,576605,0.0,1.0
2021-11-17,41.39,41.39,41.1358,41.31,41.31,747027,0.0,1.0
2021-11-18,41.32,41.4,40.925,41.08,41.08,788004,0.0,1.0
2021-11-19,40.89,40.89,40.52,40.56,40.56,1614768,0.0,1.0
2021-11-22,40.69,41.21,40.6011,40.93,40.93,2154601,0.0,1.0
2021-11-23,41.05,41.405,41.03,41.31,41.31,1019566,0.0,1.0
2021-11-24,41.22,41.4201,41.2,41.34,41.34,701378,0.0,1.0
2021-11-26,40.43,40.45,39.9,40.26,40.26,2109320,0.0,1.0
2021-11-29,40.67,40.67,40.09,40.36,40.36,1420673,0.0,1.0
2021-11-30,39.98,39.998,39.2793,39.28,39.28,2817807,0.0,1.0
2021-12-01,39.88,40.26,38.903,38.92,38.92,2645477,0.0,1.0
2021-12-02,39.12,40.165,39.04,39.93,39.93,2604069,0.0,1.0
2021-12-03,40.06,40.14,39.5995,39.9,39.9,2243054,0.0,1.0
2021-12-06,40.25,40.845,40.25,40.5,40.5,1516421,0.0,1.0
2021-12-07,40.71,41.0601,40.61,40.89,40.89,1081448,0.0,1.0
2021-12-08,40.95,41.11,40.81,40.89,40.89,897004,0.0,1.0
2021-12-09,40.6875,40.88,40.57,40.7,40.7,918602,0.0,1.0
2021-12-10,41.01,41.01,40.6,40.88,40.88,960109,0.0,1.0
2021-12-13,40.86,40.86,40.44,40.69,40.69,1265782,0.0,1.0
2021-12-14,40.62,41.01,40.6,40.7,40.7,1559607,0.0,1.0
2021-12-15,40.8,41.1,40.495,41.05,41.05,2097416,0.0,1.0
2021-12-16,41.24,41.765,41.18,41.43,41.43,2484520,0.0,1.0
2021-12-17,41.08,41.23,40.74,40.8,40.8,1833372,0.0,1.0
