timestamp,open,high,low,close,volume,adjusted_close,dividend
2000-01-14,1441.47,1473.0,1427.08,1465.15,5169700000,1465.15,0.0
2000-01-21,1465.15,1465.71,1438.54,1441.36,4455000000,1441.36,0.0
2000-01-28,1441.36,1454.09,1356.2,1360.16,5532100000,1360.16,0.0
2000-02-04,1360.16,1435.91,1350.14,1424.37,5205000000,1424.37,0.0
2000-02-11,1424.37,1444.55,1378.89,1387.12,5100800000,1387.12,0.0
2000-02-18,1387.12,1407.72,1345.3199,1346.09,5115300000,1346.09,0.0
2000-02-25,1346.09,1370.11,1329.15,1333.36,4253900000,1333.36,0.0
2000-03-03,1333.36,1410.88,1325.0699,1409.17,5853800000,1409.17,0.0
2000-03-10,1409.17,1413.46,1346.62,1395.0699,5807900000,1395.0699,0.0
2000-03-17,1395.0699,1477.33,1356.99,1464.47,6190300000,1464.47,0.0
2000-03-24,1464.47,1552.87,1446.0601,1527.46,5192200000,1527.46,0.0
2000-03-31,1527.46,1534.63,1474.63,1498.58,5342800000,1498.58,0.0
2000-04-07,1498.58,1526.45,1416.41,1516.35,5547060000,1516.35,0.0
2000-04-14,1516.35,1527.1899,1339.4,1356.5601,5312700000,1356.5601,0.0
2000-04-20,1356.5601,1447.6899,1346.5,1434.54,4211700000,1434.54,0.0
2000-04-28,1434.54,1482.9399,1407.13,1452.4301,5035000000,1452.4301,0.0
2000-05-05,1452.4301,1481.51,1398.36,1432.63,4700700000,1432.63,0.0
2000-05-12,1432.63,1432.63,1375.14,1420.96,4502400000,1420.96,0.0
2000-05-19,1420.96,1470.4,1401.74,1406.95,4292200000,1406.95,0.0
2000-05-26,1406.95,1411.65,1361.09,1378.02,4598300000,1378.02,0.0
2000-06-02,1378.02,1483.23,1378.02,1477.26,3927200000,1477.26,0.0
2000-06-09,1477.26,1477.28,1454.74,1456.95,4283600000,1456.95,0.0
2000-06-16,1456.95,1483.62,1442.38,1464.46,4901900000,1464.46,0.0
2000-06-23,1464.46,1488.9301,1438.3101,1441.48,4833100000,1441.48,0.0
2000-06-30,1441.48,1467.63,1434.63,1454.6,5597200000,1454.6,0.0
2000-07-07,1454.6,1484.12,1439.5601,1478.9,3350200000,1478.9,0.0
2000-07-14,1478.9,1509.99,1470.48,1509.98,4807800000,1509.98,0.0
2000-07-21,1509.98,1517.3199,1477.91,1480.1899,4756600000,1480.1899,0.0
2000-07-28,1480.1899,1485.88,1413.89,1419.89,5221900000,1419.89,0.0
2000-08-04,1419.89,1462.9301,1418.71,1462.9301,4937400000,1462.9301,0.0
2000-08-11,1462.9301,1490.33,1453.0601,1471.84,4677300000,1471.84,0.0
2000-08-18,1471.84,1499.47,1468.5601,1491.72,4353300000,1491.72,0.0
2000-08-25,1491.72,1513.47,1489.52,1506.45,3944100000,1506.45,0.0
2000-09-01,1506.45,1530.09,1500.09,1520.77,4171900000,1520.77,0.0
2000-09-08,1520.77,1520.77,1489.88,1494.5,3780100000,1494.5,0.0
2000-09-15,1494.5,1506.76,1460.22,1465.8101,5241200000,1465.8101,0.0
2000-09-22,1465.8101,1467.77,1421.88,1448.72,5382300000,1448.72,0.0
2000-09-29,1448.72,1461.6899,1419.4399,1436.51,5667000000,1436.51,0.0
2000-10-06,1436.52,1454.8199,1397.0601,1408.99,5642900000,1408.99,0.0
2000-10-13,1408.99,1409.6899,1327.08,1374.17,5760600000,1374.17,0.0
2000-10-20,1374.17,1408.47,1305.79,1396.9301,6083900000,1396.9301,0.0
2000-10-27,1396.9301,1415.64,1337.8101,1379.58,5911100000,1379.58,0.0
2000-11-03,1379.58,1433.4,1376.86,1426.6899,5925100000,1426.6899,0.0
2000-11-10,1428.76,1438.46,1365.97,1365.98,4794600000,1365.98,0.0
2000-11-17,1365.98,1395.96,1328.62,1367.72,5341600000,1367.72,0.0
2000-11-24,1367.72,1367.72,1321.89,1341.77,3460970000,1341.77,0.0
2000-12-01,1341.77,1362.5,1294.9,1315.23,4758130000,1315.23,0.0
2000-12-08,1315.1801,1380.33,1310.23,1369.89,5888900000,1369.89,0.0
2000-12-15,1369.89,1389.05,1305.38,1312.15,6103300000,1312.15,0.0
2000-12-22,1312.15,1346.4399,1254.0699,1305.95,6473400000,1305.95,0.0
2000-12-29,1305.97,1340.1,1301.64,1320.28,3950000000,1320.28,0.0
2001-01-05,1320.28,1350.24,1274.62,1298.35,6571900000,1298.35,0.0
2001-01-12,1298.35,1333.21,1276.29,1318.55,6290500000,1318.55,0.0
2001-01-19,1318.3199,1354.55,1313.33,1342.54,5407600000,1342.54,0.0
2001-01-26,1342.54,1369.75,1333.84,1354.95,6061600000,1354.95,0.0
2001-02-02,1354.92,1383.37,1348.72,1349.47,5665400000,1349.47,0.0
2001-02-09,1349.47,1363.55,1309.98,1314.76,5413600000,1314.76,0.0
2001-02-16,1314.76,1336.62,1293.1801,1301.53,5675500000,1301.53,0.0
2001-02-23,1301.53,1307.16,1215.4399,1245.86,4917900000,1245.86,0.0
2001-03-02,1245.86,1272.76,1214.5,1234.1801,6059100000,1234.1801,0.0
2001-03-09,1234.1801,1267.42,1228.42,1233.42,5353200000,1233.42,0.0
2001-03-16,1233.42,1233.42,1148.64,1150.53,6790360000,1150.53,0.0
2001-03-23,1150.53,1180.5601,1081.1899,1139.83,6797250000,1139.83,0.0
2001-03-30,1139.83,1183.35,1136.26,1160.33,6276900000,1160.33,0.0
2001-04-06,1160.33,1169.51,1091.99,1128.4301,6701390000,1128.4301,0.0
2001-04-12,1128.4301,1183.51,1126.38,1183.5,4804700000,1183.5,0.0
2001-04-20,1183.5,1253.71,1167.38,1242.98,6767900000,1242.98,0.0
2001-04-27,1242.98,1253.0699,1207.38,1253.05,5869200000,1253.05,0.0
2001-05-04,1253.05,1272.9301,1232.0,1266.61,6010300000,1266.61,0.0
2001-05-11,1266.61,1270.0,1240.79,1245.67,5050600000,1245.67,0.0
2001-05-18,1245.67,1296.48,1241.02,1291.96,5821700000,1291.96,0.0
2001-05-25,1291.96,1315.9301,1276.42,1277.89,5498900000,1277.89,0.0
2001-06-01,1277.89,1278.42,1245.96,1260.67,4426200000,1260.67,0.0
2001-06-08,1260.67,1286.62,1256.36,1264.96,4831000000,1264.96,0.0
2001-06-15,1264.96,1264.96,1203.03,1214.36,5948650000,1214.36,0.0
2001-06-22,1214.36,1240.24,1207.71,1225.35,6382620000,1225.35,0.0
2001-06-29,1225.35,1237.29,1204.64,1224.38,6570760000,1224.38,0.0
2001-07-06,1224.42,1239.78,1188.74,1190.59,3742010000,1190.59,0.0
2001-07-13,1190.59,1218.54,1168.46,1215.6801,6209300000,1215.6801,0.0
2001-07-20,1215.6801,1225.04,1196.14,1210.85,6108600000,1210.85,0.0
2001-07-27,1210.85,1215.22,1165.54,1205.8199,5695500000,1205.8199,0.0
2001-08-03,1205.8199,1226.27,1200.41,1214.35,5536800000,1214.35,0.0
2001-08-10,1214.35,1214.35,1169.55,1190.16,5013400000,1190.16,0.0
2001-08-17,1190.16,1198.79,1156.0699,1161.97,4897500000,1161.97,0.0
2001-08-24,1161.97,1185.15,1153.34,1184.9301,5079300000,1184.9301,0.0
2001-08-31,1184.9301,1186.85,1124.87,1133.58,4870500000,1133.58,0.0
2001-09-07,1133.58,1155.4,1082.12,1085.78,5346800000,1085.78,0.0
2001-09-10,1085.78,1096.9399,1073.15,1092.54,1276600000,1092.54,0.0
2001-09-21,1092.54,1092.54,944.75,965.8,10423890000,965.8,0.0
2001-09-28,965.8,1040.9399,965.8,1040.9399,7978000000,1040.9399,0.0
2001-10-05,1040.9399,1084.12,1026.76,1071.38,7026800000,1071.38,0.0
2001-10-12,1071.37,1099.16,1052.76,1091.65,6555180000,1091.65,0.0
2001-10-19,1091.65,1107.12,1057.24,1073.48,6245200000,1073.48,0.0
2001-10-26,1073.48,1110.61,1065.64,1104.61,6368100000,1104.61,0.0
2001-11-02,1104.61,1104.61,1053.61,1087.2,6195300000,1087.2,0.0
2001-11-09,1087.2,1135.75,1087.2,1120.3101,6646300000,1120.3101,0.0
2001-11-16,1120.3101,1148.28,1098.3199,1138.65,6597000000,1138.65,0.0
2001-11-23,1138.65,1152.45,1129.78,1150.34,4086600000,1150.34,0.0
2001-11-30,1150.34,1163.38,1125.51,1139.45,6560800000,1139.45,0.0
2001-12-07,1139.45,1173.62,1125.78,1158.3101,7022800000,1158.3101,0.0
2001-12-14,1158.3101,1158.3101,1114.53,1123.09,6853900000,1123.09,0.0
2001-12-21,1123.09,1152.4399,1122.66,1144.89,7283800000,1144.89,0.0
2001-12-28,1144.89,1164.64,1144.62,1161.02,3024470000,1161.02,0.0
2002-01-04,1161.02,1176.55,1136.23,1172.51,5026500000,1172.51,0.0
2002-01-11,1172.51,1176.97,1145.45,1145.6,6530000000,1145.6,0.0
2002-01-18,1145.6,1148.8101,1124.45,1127.58,6869200000,1127.58,0.0
2002-01-25,1127.58,1139.5,1117.4301,1133.28,5688700000,1133.28,0.0
2002-02-01,1133.28,1138.63,1081.66,1122.2,7942600000,1122.2,0.0
2002-02-08,1122.2,1122.2,1077.78,1096.22,7695200000,1096.22,0.0
2002-02-15,1096.22,1124.72,1094.6801,1104.1801,6101200000,1104.1801,0.0
2002-02-22,1104.1801,1104.1801,1074.36,1089.84,5421400000,1089.84,0.0
2002-03-01,1089.84,1131.79,1089.84,1131.78,6919100000,1131.78,0.0
2002-03-08,1131.78,1172.76,1130.9301,1164.3101,7614300000,1164.3101,0.0
2002-03-15,1164.3101,1173.03,1151.01,1166.16,6571300000,1166.16,0.0
2002-03-22,1166.16,1173.9399,1139.48,1148.7,6311900000,1148.7,0.0
2002-03-28,1148.7,1154.45,1131.61,1147.39,4609200000,1147.39,0.0
2002-04-05,1147.39,1147.84,1119.49,1122.73,5841300000,1122.73,0.0
2002-04-12,1122.73,1131.76,1102.42,1111.01,6566300000,1111.01,0.0
2002-04-19,1111.01,1133.0,1099.41,1125.17,6382900000,1125.17,0.0
2002-04-26,1125.17,1125.17,1076.3101,1076.3199,6835100000,1076.3199,0.0
2002-05-03,1076.3199,1091.42,1063.46,1073.4301,7043200000,1073.4301,0.0
2002-05-10,1073.4301,1088.92,1048.96,1054.99,6304200000,1054.99,0.0
2002-05-17,1054.99,1106.59,1053.9,1106.59,6454300000,1106.59,0.0
2002-05-24,1106.59,1106.59,1075.64,1083.8199,5404900000,1083.8199,0.0
2002-05-31,1083.8199,1085.98,1054.26,1067.14,4642200000,1067.14,0.0
2002-06-07,1067.14,1070.74,1012.49,1027.53,7033800000,1027.53,0.0
2002-06-14,1027.53,1039.04,981.63,1007.27,7188820000,1007.27,0.0
2002-06-21,1007.27,1040.83,985.65,989.14,6652700000,989.14,0.0
2002-06-28,989.14,1005.88,952.92,989.82,9106190000,989.82,0.0
2002-07-05,989.82,994.46,934.87,989.03,5475700000,989.03,0.0
2002-07-12,989.03,993.56,900.94,921.39,8038080000,921.39,0.0
2002-07-19,921.39,926.52,842.07,847.75,11375400000,847.75,0.0
2002-07-26,847.76,854.13,775.68,852.84,11685440000,852.84,0.0
2002-08-02,852.84,911.64,852.84,864.24,8864400000,864.24,0.0
2002-08-09,864.24,913.95,833.44,908.64,7371600000,908.64,0.0
2002-08-16,908.64,935.38,876.2,928.77,6638400000,928.77,0.0
2002-08-23,928.77,965.0,927.21,940.86,6405900000,940.86,0.0
2002-08-30,940.86,955.82,903.33,916.07,5672200000,916.07,0.0
2002-09-06,916.07,916.07,870.5,893.92,5247700000,893.92,0.0
2002-09-13,893.92,924.02,877.05,889.81,5626200000,889.81,0.0
2002-09-20,889.81,902.68,839.09,845.39,7267800000,845.39,0.0
2002-09-27,845.39,856.6,817.38,827.37,7860140000,827.37,0.0
2002-10-04,827.37,851.93,794.1,800.58,8682100000,800.58,0.0
2002-10-11,800.58,843.27,768.63,835.32,9344320000,835.32,0.0
2002-10-18,835.32,886.68,828.37,884.39,7944790000,884.39,0.0
2002-10-25,884.39,902.94,873.06,897.65,7631070000,897.65,0.0
2002-11-01,897.65,907.44,867.91,900.96,7426300000,900.96,0.0
2002-11-08,900.96,925.66,891.62,894.74,7587400000,894.74,0.0
2002-11-15,894.74,910.21,872.05,909.83,6872600000,909.83,0.0
2002-11-22,909.83,937.28,893.09,930.55,8179200000,930.55,0.0
2002-11-29,930.55,941.82,912.1,936.31,5111360000,936.31,0.0
2002-12-06,936.31,954.28,895.96,912.23,7180600000,912.23,0.0
2002-12-13,912.23,912.23,888.48,889.48,6478600000,889.48,0.0
2002-12-20,889.48,911.22,880.32,895.76,7138230000,895.76,0.0
2002-12-27,895.74,903.89,873.62,875.4,3049910000,875.4,0.0
2003-01-03,875.4,911.25,869.45,908.59,4506300000,908.59,0.0
2003-01-10,908.59,932.89,908.32,927.57,7494400000,927.57,0.0
2003-01-17,927.57,935.05,899.02,901.78,7100600000,901.78,0.0
2003-01-24,901.78,906.0,859.71,861.4,6215350000,861.4,0.0
2003-01-31,861.4,868.72,840.34,855.7,7579230000,855.7,0.0
2003-02-07,855.7,864.64,826.7,829.69,6868600000,829.69,0.0
2003-02-14,829.69,843.02,806.29,834.89,6699600000,834.89,0.0
2003-02-21,834.89,852.87,831.48,848.17,4918700000,848.17,0.0
2003-02-28,848.17,848.17,818.54,841.15,6748400000,841.15,0.0
2003-03-07,841.15,852.34,811.23,828.89,6465900000,828.89,0.0
2003-03-14,828.89,841.39,788.9,833.27,7660900000,833.27,0.0
2003-03-21,833.27,895.9,827.17,895.79,8051730000,895.79,0.0
2003-03-28,895.79,895.79,858.09,863.5,6406000000,863.5,0.0
2003-04-04,863.5,885.89,843.68,878.85,7127600000,878.85,0.0
2003-04-11,878.85,904.89,862.76,868.3,6440000000,868.3,0.0
2003-04-17,868.3,896.77,868.3,893.58,5609400000,893.58,0.0
2003-04-25,893.58,919.74,886.7,898.81,7401000000,898.81,0.0
2003-05-02,898.81,930.56,898.81,930.08,7538910000,930.08,0.0
2003-05-09,930.08,939.61,919.72,933.41,7333500000,933.41,0.0
2003-05-16,933.41,948.65,929.3,944.3,7212900000,944.3,0.0
2003-05-23,944.3,944.3,912.05,933.22,6988300000,933.22,0.0
2003-05-30,933.22,965.38,927.33,963.59,6465600000,963.59,0.0
2003-06-06,963.59,1007.69,963.59,987.76,8261700000,987.76,0.0
2003-06-13,987.76,1002.74,972.59,988.61,6927100000,988.61,0.0
2003-06-20,988.61,1015.33,988.61,995.69,7542600000,995.69,0.0
2003-06-27,995.69,995.69,973.8,976.22,6900800000,976.22,0.0
2003-07-03,976.22,995.0,962.1,985.7,5342600000,985.7,0.0
2003-07-11,985.7,1010.43,983.63,998.14,7291200000,998.14,0.0
2003-07-18,998.14,1015.41,978.6,993.32,7656100000,993.32,0.0
2003-07-25,993.32,998.89,975.63,998.68,7013100000,998.68,0.0
2003-08-01,998.68,1004.59,978.86,980.15,7228000000,980.15,0.0
2003-08-08,980.15,985.75,960.84,977.59,6637300000,977.59,0.0
2003-08-15,977.59,992.5,974.21,990.67,5186470000,990.67,0.0
2003-08-22,990.67,1011.01,990.67,993.06,6355000000,993.06,0.0
2003-08-29,993.06,1008.85,983.57,1008.01,5312100000,1008.01,0.0
2003-09-05,1008.01,1029.34,1005.73,1021.39,6065200000,1021.39,0.0
2003-09-12,1021.39,1032.41,1007.71,1018.63,6868800000,1018.63,0.0
2003-09-19,1018.63,1040.29,1013.59,1036.3,6910110000,1036.3,0.0
2003-09-26,1036.3,1036.3,996.08,996.85,7139000000,996.85,0.0
2003-10-03,996.85,1039.3101,990.36,1029.85,7363100000,1029.85,0.0
2003-10-10,1029.85,1048.28,1026.27,1038.0601,6254600000,1038.0601,0.0
2003-10-17,1038.0601,1053.79,1036.5699,1039.3199,6603200000,1039.3199,0.0
2003-10-24,1039.3199,1048.5699,1018.32,1028.91,7342400000,1028.91,0.0
2003-10-31,1028.91,1053.09,1028.91,1050.71,7692200000,1050.71,0.0
2003-11-07,1050.71,1062.39,1044.88,1053.21,7092000000,1053.21,0.0
2003-11-14,1053.21,1063.65,1043.46,1050.35,6494500000,1050.35,0.0
2003-11-21,1050.35,1050.35,1031.2,1035.28,6655300000,1035.28,0.0
2003-11-28,1035.28,1060.63,1035.28,1058.2,4221420000,1058.2,0.0
2003-12-05,1058.2,1074.3,1058.2,1061.5,6928900000,1061.5,0.0
2003-12-12,1061.5,1074.76,1053.41,1074.14,6792600000,1074.14,0.0
2003-12-19,1074.14,1091.0601,1068.0,1088.66,7747600000,1088.66,0.0
2003-12-26,1088.66,1098.47,1086.14,1095.89,3271130000,1095.89,0.0
2004-01-02,1095.89,1118.85,1095.89,1108.48,4252100000,1108.48,0.0
2004-01-09,1108.48,1131.92,1108.48,1121.86,8366700000,1121.86,0.0
2004-01-16,1121.86,1139.83,1115.1899,1139.83,8036800000,1139.83,0.0
2004-01-23,1139.83,1150.51,1134.62,1141.55,6710700000,1141.55,0.0
2004-01-30,1141.55,1155.38,1122.38,1131.13,8552600000,1131.13,0.0
2004-02-06,1131.13,1142.79,1124.4399,1142.76,7755100000,1142.76,0.0
2004-02-13,1142.76,1158.89,1138.7,1145.8101,7200200000,1145.8101,0.0
2004-02-20,1145.8101,1158.98,1139.0,1144.11,5821300000,1144.11,0.0
2004-02-27,1144.11,1151.6801,1134.4301,1144.9399,7209000000,1144.9399,0.0
2004-03-05,1144.9399,1163.23,1143.78,1156.86,6971600000,1156.86,0.0
2004-03-12,1156.86,1159.9399,1105.87,1120.5699,7680600000,1120.5699,0.0
2004-03-19,1120.5699,1125.76,1102.61,1109.78,7418000000,1109.78,0.0
2004-03-26,1109.78,1115.27,1087.16,1108.0601,7229100000,1108.0601,0.0
2004-04-02,1108.0601,1144.8101,1108.0601,1141.8101,7488500000,1141.8101,0.0
2004-04-08,1141.8101,1150.5699,1134.52,1139.3199,5470000000,1139.3199,0.0
2004-04-16,1139.3199,1147.78,1120.75,1134.61,7129800000,1134.61,0.0
2004-04-23,1134.5601,1142.77,1116.03,1140.6,7664300000,1140.6,0.0
2004-04-30,1140.6,1146.5601,1107.23,1107.3,8157900000,1107.3,0.0
2004-05-07,1107.3,1127.74,1098.63,1098.7,7865600000,1098.7,0.0
2004-05-14,1098.7,1102.77,1076.3199,1095.7,7896800000,1095.7,0.0
2004-05-21,1095.7,1105.9301,1079.36,1093.5601,6801300000,1093.5601,0.0
2004-05-28,1093.5601,1123.95,1090.74,1120.6801,6762700000,1120.6801,0.0
2004-06-04,1120.6801,1129.17,1113.3199,1122.5,4837400000,1122.5,0.0
2004-06-10,1122.5,1142.1801,1122.5,1136.47,4839500000,1136.47,0.0
2004-06-18,1136.47,1138.96,1122.16,1135.02,6491000000,1135.02,0.0
2004-06-25,1135.02,1146.34,1124.37,1134.4301,7158200000,1134.4301,0.0
2004-07-02,1134.4301,1144.2,1123.0601,1125.38,6784100000,1125.38,0.0
2004-07-09,1125.38,1125.38,1108.72,1112.8101,5199300000,1112.8101,0.0
2004-07-16,1112.8101,1119.6,1101.0699,1101.39,6635300000,1101.39,0.0
2004-07-23,1101.39,1116.27,1083.5601,1086.2,7463500000,1086.2,0.0
2004-07-30,1086.2,1103.73,1078.78,1101.72,7406800000,1101.72,0.0
2004-08-06,1101.72,1108.6,1062.23,1063.97,6901900000,1063.97,0.0
2004-08-13,1063.97,1079.04,1060.72,1064.8,6322200000,1064.8,0.0
2004-08-20,1064.8,1100.26,1064.8,1098.35,6205800000,1098.35,0.0
2004-08-27,1098.35,1109.6801,1092.8199,1107.77,5175600000,1107.77,0.0
2004-09-03,1107.77,1120.8,1094.72,1113.63,5165970000,1113.63,0.0
2004-09-10,1113.63,1125.26,1113.62,1123.92,5093200000,1123.92,0.0
2004-09-17,1123.92,1130.14,1119.8199,1128.55,6296800000,1128.55,0.0
2004-09-24,1128.55,1131.54,1108.05,1110.11,6444200000,1110.11,0.0
2004-10-01,1110.11,1131.64,1101.29,1131.5,7393200000,1131.5,0.0
2004-10-08,1131.5,1142.05,1120.1899,1122.14,7108200000,1122.14,0.0
2004-10-15,1122.14,1127.01,1102.0601,1108.2,6944700000,1108.2,0.0
2004-10-22,1108.2,1117.96,1094.25,1095.74,7939100000,1095.74,0.0
2004-10-29,1095.74,1131.4,1090.29,1130.2,7936800000,1130.2,0.0
2004-11-05,1130.2,1170.87,1127.6,1166.17,8329500000,1166.17,0.0
2004-11-12,1166.17,1184.17,1162.3199,1184.17,7238400000,1184.17,0.0
2004-11-19,1184.17,1188.46,1169.1899,1170.34,7485200000,1170.34,0.0
2004-11-26,1170.34,1186.62,1167.89,1182.65,4475180000,1182.65,0.0
2004-12-03,1182.65,1197.46,1172.37,1191.17,8046400000,1191.17,0.0
2004-12-10,1191.17,1192.41,1173.79,1188.0,7481900000,1188.0,0.0
2004-12-17,1188.0,1207.97,1188.0,1194.2,8805200000,1194.2,0.0
2004-12-23,1194.2,1213.66,1193.36,1210.13,5253400000,1210.13,0.0
2004-12-31,1210.13,1217.33,1204.92,1211.92,4447600000,1211.92,0.0
2005-01-07,1211.92,1217.8,1182.16,1186.1899,8017700000,1186.1899,0.0
2005-01-14,1186.1899,1194.78,1175.64,1184.52,7387000000,1184.52,0.0
2005-01-21,1184.52,1195.98,1167.8199,1167.87,6431000000,1167.87,0.0
2005-01-28,1167.87,1177.5,1163.75,1171.36,7983300000,1171.36,0.0
2005-02-04,1171.36,1203.47,1171.36,1203.03,8126140000,1203.03,0.0
2005-02-11,1203.03,1208.38,1191.54,1205.3,7328450000,1205.3,0.0
2005-02-18,1205.3,1212.4399,1197.35,1201.59,7438680000,1201.59,0.0
2005-02-25,1201.59,1212.15,1184.16,1211.37,6288460000,1211.37,0.0
2005-03-04,1211.37,1224.76,1198.13,1222.12,8325140000,1222.12,0.0
2005-03-11,1222.12,1229.11,1198.15,1200.08,7770730000,1200.08,0.0
2005-03-18,1200.08,1210.54,1182.78,1189.65,8530450000,1189.65,0.0
2005-03-24,1189.65,1189.65,1168.7,1171.42,7902500000,1171.42,0.0
2005-04-01,1171.42,1189.8,1163.6899,1172.92,10449500000,1172.92,0.0
2005-04-08,1172.79,1191.88,1167.72,1181.2,9309920000,1181.2,0.0
2005-04-15,1181.2,1190.17,1141.92,1142.62,10599880000,1142.62,0.0
2005-04-22,1142.62,1159.95,1136.15,1152.12,10894860000,1152.12,0.0
2005-04-29,1152.12,1164.8,1139.1899,1156.85,10450920000,1156.85,0.0
2005-05-06,1156.85,1178.62,1154.71,1171.35,10157840000,1171.35,0.0
2005-05-13,1171.35,1178.87,1146.1801,1154.05,9765530000,1154.05,0.0
2005-05-20,1154.05,1191.22,1153.64,1189.28,9418050000,1189.28,0.0
2005-05-27,1189.28,1199.5601,1185.96,1198.78,8139890000,1198.78,0.0
2005-06-03,1198.78,1205.64,1191.03,1196.02,7092090000,1196.02,0.0
2005-06-10,1196.02,1208.85,1191.09,1198.11,8602280000,1198.11,0.0
2005-06-17,1198.11,1219.55,1194.51,1216.96,9383350000,1216.96,0.0
2005-06-24,1216.96,1219.59,1191.45,1191.5699,9707200000,1191.5699,0.0
2005-07-01,1191.5699,1204.0699,1188.3,1194.4399,8983620000,1194.4399,0.0
2005-07-08,1194.4399,1212.73,1183.55,1211.86,7542540000,1211.86,0.0
2005-07-15,1211.86,1233.16,1211.86,1227.92,9355920000,1227.92,0.0
2005-07-22,1227.92,1236.5601,1221.13,1233.6801,9583550000,1233.6801,0.0
2005-07-29,1233.6801,1245.15,1228.15,1234.1801,9388840000,1234.1801,0.0
2005-08-05,1234.1801,1245.86,1225.62,1226.42,9671470000,1226.42,0.0
2005-08-12,1226.42,1242.6899,1222.67,1230.39,9524840000,1230.39,0.0
2005-08-19,1230.4,1236.24,1215.9301,1219.71,8609400000,1219.71,0.0
2005-08-26,1219.71,1228.96,1204.23,1205.1,8342950000,1205.1,0.0
2005-09-02,1205.1,1227.29,1201.0699,1218.02,9751450000,1218.02,0.0
2005-09-09,1218.02,1243.13,1218.02,1241.48,7947730000,1241.48,0.0
2005-09-16,1241.48,1242.6,1224.85,1237.91,11238970000,1237.91,0.0
2005-09-23,1237.91,1237.91,1205.35,1215.29,11341680000,1215.29,0.0
2005-09-30,1215.29,1229.5699,1211.11,1228.8101,10379110000,1228.8101,0.0
2005-10-07,1228.8101,1233.34,1181.92,1195.9,11903800000,1195.9,0.0
2005-10-14,1195.9,1196.52,1168.2,1186.5699,11526400000,1186.5699,0.0
2005-10-21,1186.5699,1197.3,1170.55,1179.59,12043340000,1179.59,0.0
2005-10-28,1179.59,1204.01,1178.89,1198.41,11752780000,1198.41,0.0
2005-11-04,1198.41,1224.7,1198.41,1220.14,12440550000,1220.14,0.0
2005-11-11,1220.14,1235.7,1215.05,1234.72,10318690000,1234.72,0.0
2005-11-18,1234.72,1249.58,1226.41,1248.27,11132060000,1248.27,0.0
2005-11-25,1248.27,1270.64,1246.9,1268.25,7119110000,1268.25,0.0
2005-12-02,1268.25,1268.4399,1249.39,1265.08,11400340000,1265.08,0.0
2005-12-09,1265.08,1272.89,1250.91,1259.37,10605000000,1259.37,0.0
2005-12-16,1259.37,1275.8,1255.52,1267.3199,11176870000,1267.3199,0.0
2005-12-23,1267.3199,1270.51,1257.21,1268.66,9444980000,1268.66,0.0
2005-12-30,1268.66,1271.83,1246.59,1248.29,5788870000,1248.29,0.0
2006-01-06,1248.29,1286.09,1245.74,1285.45,9949800000,1285.45,0.0
2006-01-13,1285.45,1294.9,1282.78,1287.61,11605560000,1287.61,0.0
2006-01-20,1287.61,1287.79,1260.92,1261.49,9703000000,1261.49,0.0
2006-01-27,1261.49,1286.38,1259.42,1283.72,12962250000,1283.72,0.0
2006-02-03,1283.72,1287.9399,1261.02,1264.03,12427960000,1264.03,0.0
2006-02-10,1264.03,1274.5601,1253.61,1266.99,11687560000,1266.99,0.0
2006-02-17,1266.99,1289.47,1258.34,1287.24,10985360000,1287.24,0.0
2006-02-24,1287.24,1294.17,1281.33,1289.4301,8403920000,1289.4301,0.0
2006-03-03,1289.4301,1297.5699,1278.66,1287.23,11302040000,1287.23,0.0
2006-03-10,1287.23,1288.23,1268.42,1281.42,11254670000,1281.42,0.0
2006-03-17,1281.58,1310.45,1281.58,1307.25,11370400000,1307.25,0.0
2006-03-24,1307.25,1310.88,1295.8101,1302.95,10471020000,1302.95,0.0
2006-03-31,1302.95,1310.15,1291.84,1294.87,10853090000,1294.87,0.0
2006-04-07,1302.88,1314.0699,1294.1801,1295.5,11425910000,1295.5,0.0
2006-04-13,1295.51,1300.74,1282.96,1289.12,7961240000,1289.12,0.0
2006-04-21,1289.12,1318.16,1280.74,1311.28,11742950000,1311.28,0.0
2006-04-28,1311.28,1316.04,1295.5699,1310.61,12178330000,1310.61,0.0
2006-05-05,1310.61,1326.53,1303.46,1325.76,11961950000,1325.76,0.0
2006-05-12,1325.76,1326.7,1290.38,1291.24,11676630000,1291.24,0.0
2006-05-19,1291.1899,1297.88,1256.28,1267.03,13241860000,1267.03,0.0
2006-05-26,1267.03,1280.54,1245.34,1280.16,12564040000,1280.16,0.0
2006-06-02,1280.04,1290.6801,1259.38,1288.22,9524050000,1288.22,0.0
2006-06-09,1288.16,1288.16,1235.1801,1252.3,13413080000,1252.3,0.0
2006-06-16,1252.27,1258.64,1219.29,1251.54,13689640000,1251.54,0.0
2006-06-23,1251.54,1257.96,1237.17,1244.5,11276830000,1244.5,0.0
2006-06-30,1244.5,1276.3,1237.59,1270.2,11838010000,1270.2,0.0
2006-07-07,1270.0601,1280.38,1263.13,1265.48,7276850000,1265.48,0.0
2006-07-14,1265.46,1274.0601,1228.45,1236.2,11428770000,1236.2,0.0
2006-07-21,1236.2,1262.5601,1224.54,1240.29,12379810000,1240.29,0.0
2006-07-28,1240.25,1280.42,1240.25,1278.55,12801490000,1278.55,0.0
2006-08-04,1278.53,1292.92,1265.71,1279.36,12859150000,1279.36,0.0
2006-08-11,1279.3101,1283.74,1261.3,1266.74,11465410000,1266.74,0.0
2006-08-18,1266.67,1302.3,1266.67,1302.3,11498940000,1302.3,0.0
2006-08-25,1302.3,1302.49,1289.8199,1295.09,9159550000,1295.09,0.0
2006-09-01,1295.09,1312.03,1293.97,1311.01,9764390000,1311.01,0.0
2006-09-08,1310.9399,1314.67,1292.13,1298.92,8903090000,1298.92,0.0
2006-09-15,1298.86,1324.65,1290.9301,1319.66,13444480000,1319.66,0.0
2006-09-22,1319.85,1328.53,1310.9399,1314.78,12049320000,1314.78,0.0
2006-09-29,1314.78,1340.28,1311.58,1335.85,12804030000,1335.85,0.0
2006-10-06,1335.8199,1353.79,1327.1,1349.59,13197290000,1349.59,0.0
2006-10-13,1349.58,1366.63,1343.5699,1365.62,11829580000,1365.62,0.0
2006-10-20,1365.61,1372.87,1356.87,1368.6,12630620000,1368.6,0.0
2006-10-27,1368.58,1389.45,1363.9399,1377.34,13562660000,1377.34,0.0
2006-11-03,1377.3,1381.95,1360.98,1364.3,13460540000,1364.3,0.0
2006-11-10,1364.27,1388.92,1364.27,1380.9,13287010000,1380.9,0.0
2006-11-17,1380.58,1403.76,1378.8,1401.2,13806780000,1401.2,0.0
2006-11-24,1401.17,1407.89,1397.85,1400.95,8214910000,1400.95,0.0
2006-12-01,1400.95,1406.3,1377.83,1396.71,14949140000,1396.71,0.0
2006-12-08,1396.67,1418.27,1396.67,1409.84,13430910000,1409.84,0.0
2006-12-15,1409.8101,1431.63,1404.75,1427.09,13539610000,1427.09,0.0
2006-12-22,1427.08,1431.8101,1410.28,1410.76,11642830000,1410.76,0.0
2006-12-29,1410.75,1427.72,1410.45,1418.3,6164450000,1418.3,0.0
2007-01-05,1418.03,1429.42,1405.75,1409.71,9353020000,1409.71,0.0
2007-01-12,1409.26,1431.23,1403.97,1430.73,14110730000,1430.73,0.0
2007-01-19,1430.73,1435.27,1424.21,1430.5,10889710000,1430.5,0.0
2007-01-26,1430.47,1440.6899,1416.96,1422.1801,13919320000,1422.1801,0.0
2007-02-02,1422.03,1449.33,1418.46,1448.39,13897760000,1448.39,0.0
2007-02-09,1448.33,1452.99,1433.4399,1438.0601,13434950000,1438.0601,0.0
2007-02-16,1438.0,1457.97,1431.4399,1455.54,12637490000,1455.54,0.0
2007-02-23,1455.53,1461.5699,1448.36,1451.1899,9475560000,1451.1899,0.0
2007-03-02,1451.04,1456.95,1380.87,1387.17,17999820000,1387.17,0.0
2007-03-09,1387.11,1410.15,1373.97,1402.84,15617930000,1402.84,0.0
2007-03-16,1402.8,1409.34,1363.98,1386.95,16123460000,1386.95,0.0
2007-03-23,1386.95,1438.89,1386.95,1436.11,14506880000,1436.11,0.0
2007-03-30,1436.11,1437.65,1408.9,1420.86,14186810000,1420.86,0.0
2007-04-05,1420.83,1444.88,1416.37,1443.76,10771190000,1443.76,0.0
2007-04-13,1443.77,1453.11,1433.91,1452.85,13270300000,1452.85,0.0
2007-04-20,1452.84,1484.74,1452.84,1484.35,15005590000,1484.35,0.0
2007-04-27,1484.33,1498.02,1473.74,1494.0699,14891970000,1494.0699,0.0
2007-05-04,1494.0699,1510.34,1476.7,1505.62,15453470000,1505.62,0.0
2007-05-11,1505.5699,1513.8,1491.42,1505.85,14028380000,1505.85,0.0
2007-05-18,1505.76,1522.75,1498.34,1522.75,14590190000,1522.75,0.0
2007-05-25,1522.75,1532.4301,1505.1801,1515.73,15091900000,1515.73,0.0
2007-06-01,1515.55,1540.5601,1510.0601,1536.34,11814550000,1536.34,0.0
2007-06-08,1536.28,1540.53,1487.41,1507.67,15174500000,1507.67,0.0
2007-06-15,1507.64,1538.71,1492.65,1532.91,14879070000,1532.91,0.0
2007-06-22,1532.9,1537.3199,1500.74,1502.5601,16086160000,1502.5601,0.0
2007-06-29,1502.5601,1517.53,1484.1801,1503.35,16256050000,1503.35,0.0
2007-07-06,1504.66,1532.4,1504.66,1530.4399,9274250000,1530.4399,0.0
2007-07-13,1530.4301,1555.1,1506.1,1552.5,15333250000,1552.5,0.0
2007-07-20,1552.5,1555.9,1529.2,1534.1,16317700000,1534.1,0.0
2007-07-27,1534.0601,1547.23,1458.95,1458.95,20758930000,1458.95,0.0
2007-08-03,1458.9301,1488.3,1432.8,1433.0601,22551040000,1433.0601,0.0
2007-08-10,1433.04,1503.89,1427.39,1453.64,26711530000,1453.64,0.0
2007-08-17,1453.42,1466.29,1370.6,1445.9399,21881180000,1445.9399,0.0
2007-08-24,1445.9399,1479.4,1430.54,1479.37,15268400000,1479.37,0.0
2007-08-31,1479.36,1481.47,1432.01,1473.99,13622910000,1473.99,0.0
2007-09-07,1473.96,1496.4,1449.0699,1453.55,11408870000,1453.55,0.0
2007-09-14,1453.5,1489.58,1439.29,1484.25,14255590000,1484.25,0.0
2007-09-21,1484.24,1538.74,1471.8199,1525.75,16791240000,1525.75,0.0
2007-09-28,1525.75,1533.74,1507.13,1526.75,15354000000,1526.75,0.0
2007-10-05,1527.29,1561.91,1527.25,1557.59,15058680000,1557.59,0.0
2007-10-12,1556.51,1576.09,1546.72,1561.8,14717400000,1561.8,0.0
2007-10-19,1562.25,1564.74,1500.26,1500.63,17376100000,1500.63,0.0
2007-10-26,1497.79,1535.53,1489.5601,1535.28,18580330000,1535.28,0.0
2007-11-02,1536.92,1552.76,1492.53,1509.65,18817530000,1509.65,0.0
2007-11-09,1505.61,1520.77,1448.51,1453.7,22078420000,1453.7,0.0
2007-11-16,1453.66,1492.14,1438.53,1458.74,20475180000,1458.74,0.0
2007-11-23,1456.7,1456.7,1415.64,1440.7,14683750000,1440.7,0.0
2007-11-30,1440.74,1488.9399,1406.1,1481.14,20482140000,1481.14,0.0
2007-12-07,1479.63,1510.63,1460.66,1504.66,17076810000,1504.66,0.0
2007-12-14,1505.11,1523.5699,1467.78,1467.95,18510280000,1467.95,0.0
2007-12-21,1465.05,1485.4,1435.65,1484.46,18729500000,1484.46,0.0
2007-12-28,1484.55,1498.85,1471.7,1478.49,8064200000,1478.49,0.0
2008-01-04,1475.25,1475.83,1411.1899,1411.63,13489030000,1411.63,0.0
2008-01-11,1414.0699,1430.28,1378.7,1401.02,23944010000,1401.02,0.0
2008-01-18,1402.91,1417.89,1312.51,1325.1899,25032320000,1325.1899,0.0
2008-01-25,1312.9399,1368.5601,1270.05,1330.61,20403920000,1330.61,0.0
2008-02-01,1330.7,1396.02,1322.26,1395.42,22697710000,1395.42,0.0
2008-02-08,1395.38,1395.38,1316.75,1331.29,20177290000,1331.29,0.0
2008-02-15,1331.92,1369.23,1320.3199,1349.99,18722260000,1349.99,0.0
2008-02-22,1355.86,1367.9399,1327.04,1353.11,14753390000,1353.11,0.0
2008-02-29,1352.75,1388.34,1325.42,1330.63,20232420000,1330.63,0.0
2008-03-07,1330.45,1344.1899,1282.4301,1293.37,22041330000,1293.37,0.0
2008-03-14,1293.16,1333.26,1272.66,1288.14,24011740000,1288.14,0.0
2008-03-20,1283.21,1341.51,1256.98,1329.51,22522410000,1329.51,0.0
2008-03-28,1330.29,1359.6801,1312.95,1315.22,20424700000,1315.22,0.0
2008-04-04,1315.92,1380.91,1312.8101,1370.4,20877750000,1370.4,0.0
2008-04-11,1373.6899,1386.74,1331.21,1332.83,18316890000,1332.83,0.0
2008-04-18,1332.2,1395.9,1324.35,1390.33,19342880000,1390.33,0.0
2008-04-25,1387.72,1399.11,1369.84,1397.84,19698890000,1397.84,0.0
2008-05-02,1397.96,1422.72,1383.0699,1413.9,20333020000,1413.9,0.0
2008-05-09,1415.34,1421.5699,1384.11,1388.28,18756220000,1388.28,0.0
2008-05-16,1389.4,1425.8199,1386.2,1425.35,19047660000,1425.35,0.0
2008-05-23,1425.28,1440.24,1373.72,1375.9301,19528620000,1375.9301,0.0
2008-05-30,1375.97,1406.3199,1373.0699,1400.38,15256170000,1400.38,0.0
2008-06-06,1399.62,1404.05,1359.9,1360.6801,21571790000,1360.6801,0.0
2008-06-13,1360.83,1370.63,1331.29,1360.03,22634280000,1360.03,0.0
2008-06-20,1358.85,1366.59,1314.46,1317.9301,22219040000,1317.9301,0.0
2008-06-27,1319.77,1335.63,1272.0,1278.38,25156600000,1278.38,0.0
2008-07-03,1278.0601,1292.17,1252.01,1262.9,19402300000,1262.9,0.0
2008-07-11,1262.9,1277.36,1225.35,1239.49,29063160000,1239.49,0.0
2008-07-18,1241.61,1262.3101,1200.4399,1260.6801,32555620000,1260.6801,0.0
2008-07-25,1261.8199,1291.17,1248.83,1257.76,28317240000,1257.76,0.0
2008-08-01,1257.76,1284.9301,1234.37,1260.3101,25359450000,1260.3101,0.0
2008-08-08,1253.27,1297.85,1247.45,1296.3199,20941200000,1296.3199,0.0
2008-08-15,1294.42,1313.15,1274.86,1298.2,22672020000,1298.2,0.0
2008-08-22,1298.14,1300.22,1261.16,1292.2,20317740000,1292.2,0.0
2008-08-29,1290.47,1300.6801,1263.21,1282.83,17650180000,1282.83,0.0
2008-09-05,1287.83,1303.04,1217.23,1242.3101,20070120000,1242.3101,0.0
2008-09-12,1249.5,1274.42,1211.54,1251.7,34417920000,1251.7,0.0
2008-09-19,1250.92,1265.12,1133.5,1255.08,46641070000,1255.08,0.0
2008-09-26,1255.37,1255.37,1179.79,1213.27,26635470000,1213.27,0.0
2008-10-03,1209.0699,1209.0699,1098.14,1099.23,31026630000,1099.23,0.0
2008-10-10,1097.5601,1097.5601,839.8,899.22,42016790000,899.22,0.0
2008-10-17,912.75,1044.3101,865.83,940.55,36533970000,940.55,0.0
2008-10-24,943.51,985.44,852.85,876.77,30185400000,876.77,0.0
2008-10-31,874.28,984.38,845.27,968.75,32302980000,968.75,0.0
2008-11-07,968.67,1007.51,899.73,930.99,26484080000,930.99,0.0
2008-11-14,936.75,951.95,818.69,873.29,29064670000,873.29,0.0
2008-11-21,873.23,882.29,741.02,800.03,36745200000,800.03,0.0
2008-11-28,801.2,896.25,801.2,896.24,23366260000,896.24,0.0
2008-12-05,888.61,888.61,815.69,876.07,30469750000,876.07,0.0
2008-12-12,882.71,918.57,851.35,879.73,29662270000,879.73,0.0
2008-12-19,881.07,918.85,857.72,887.88,29279860000,887.88,0.0
2008-12-26,887.2,887.37,857.09,872.8,12348420000,872.8,0.0
2009-01-02,872.37,934.73,857.07,931.8,15172440000,931.8,0.0
2009-01-09,929.17,943.85,888.31,890.35,25219520000,890.35,0.0
2009-01-16,890.4,890.4,817.04,850.12,30293780000,850.12,0.0
2009-01-23,849.64,849.64,804.3,831.95,24519050000,831.95,0.0
2009-01-30,832.5,877.86,821.67,825.88,28010020000,825.88,0.0
2009-02-06,823.09,870.75,812.87,868.6,31088160000,868.6,0.0
2009-02-13,868.24,875.01,808.06,826.84,30044110000,826.84,0.0
2009-02-20,818.61,818.61,754.25,770.05,25606060000,770.05,0.0
2009-02-27,773.25,780.12,734.52,735.09,37753880000,735.09,0.0
2009-03-06,729.57,729.57,666.79,683.38,37964220000,683.38,0.0
2009-03-13,680.76,758.29,672.88,756.55,37297180000,756.55,0.0
2009-03-20,758.84,803.24,749.93,768.54,39816380000,768.54,0.0
2009-03-27,772.31,832.98,772.31,815.94,34764100000,815.94,0.0
2009-04-03,809.07,845.61,779.81,842.5,31434350000,842.5,0.0
2009-04-09,839.75,856.91,814.53,856.56,24904750000,856.56,0.0
2009-04-17,855.33,875.63,835.58,869.6,34196510000,869.6,0.0
2009-04-24,868.27,871.8,826.83,866.23,35415850000,866.23,0.0
2009-05-01,862.82,888.7,847.12,877.52,30217790000,877.52,0.0
2009-05-08,879.21,930.17,879.21,929.23,39760120000,929.23,0.0
2009-05-15,922.99,922.99,878.94,882.88,31688760000,882.88,0.0
2009-05-22,886.07,924.6,879.61,887.0,31698640000,887.0,0.0
2009-05-29,887.0,920.02,881.46,919.14,23155250000,919.14,0.0
2009-06-05,923.26,951.69,923.26,940.09,28312350000,940.09,0.0
2009-06-12,938.12,956.23,926.44,946.21,24331760000,946.21,0.0
2009-06-19,942.45,942.45,903.78,921.23,25570130000,921.23,0.0
2009-06-26,918.13,922.0,888.86,918.9,25599580000,918.9,0.0
2009-07-02,919.86,931.92,896.42,896.42,16689730000,896.42,0.0
2009-07-10,894.27,898.72,869.32,879.13,23366910000,879.13,0.0
2009-07-17,879.57,943.96,875.32,940.38,23927320000,940.38,0.0
2009-07-24,942.07,979.79,940.99,979.26,25016500000,979.26,0.0
2009-07-31,978.63,996.68,968.65,987.48,26474660000,987.48,0.0
2009-08-07,990.22,1018.0,990.22,1010.48,32139730000,1010.48,0.0
2009-08-14,1008.89,1013.14,992.4,1004.09,26868820000,1004.09,0.0
2009-08-21,998.18,1027.59,978.51,1026.13,23323250000,1026.13,0.0
2009-08-28,1026.59,1039.47,1016.2,1028.9301,28722910000,1028.9301,0.0
2009-09-04,1025.21,1028.45,991.97,1016.4,26431300000,1016.4,0.0
2009-09-11,1018.67,1048.1801,1018.67,1042.73,20551690000,1042.73,0.0
2009-09-18,1040.15,1074.77,1035.0,1068.3,30234840000,1068.3,0.0
2009-09-25,1067.14,1080.15,1041.17,1044.38,25406510000,1044.38,0.0
2009-10-02,1045.38,1069.62,1019.95,1025.21,26050400000,1025.21,0.0
2009-10-09,1026.87,1071.51,1025.92,1071.49,22333550000,1071.49,0.0
2009-10-16,1071.63,1096.5601,1066.71,1087.6801,23701850000,1087.6801,0.0
2009-10-23,1088.22,1101.36,1074.3101,1079.6,25592330000,1079.6,0.0
2009-10-30,1080.36,1091.75,1033.38,1036.1899,30408570000,1036.1899,0.0
2009-11-06,1036.1801,1071.48,1029.38,1069.3,26451130000,1069.3,0.0
2009-11-13,1072.3101,1105.37,1072.3101,1093.48,21094360000,1093.48,0.0
2009-11-20,1094.13,1113.6899,1086.8101,1091.38,20612520000,1091.38,0.0
2009-11-27,1094.86,1112.38,1083.74,1091.49,12928000000,1091.49,0.0
2009-12-04,1091.0699,1119.13,1086.25,1105.98,22677340000,1105.98,0.0
2009-12-11,1105.52,1110.72,1085.89,1106.41,20754380000,1106.41,0.0
2009-12-18,1107.84,1116.21,1093.88,1102.47,28364370000,1102.47,0.0
2009-12-24,1105.3101,1126.48,1105.3101,1126.48,12053050000,1126.48,0.0
2009-12-31,1127.53,1130.38,1114.8101,1115.1,9561710000,1115.1,0.0
2010-01-08,1116.5601,1145.39,1116.5601,1144.98,21115350000,1144.98,0.0
2010-01-15,1145.96,1150.41,1131.39,1136.03,21816230000,1136.03,0.0
2010-01-22,1136.03,1150.45,1090.1801,1091.76,22618330000,1091.76,0.0
2010-01-29,1092.4,1103.6899,1071.59,1073.87,25397670000,1073.87,0.0
2010-02-05,1073.89,1104.73,1044.5,1066.1899,25411190000,1066.1899,0.0
2010-02-12,1065.51,1080.04,1056.51,1075.51,22017080000,1075.51,0.0
2010-02-19,1079.13,1112.42,1079.13,1109.17,16162900000,1109.17,0.0
2010-02-26,1110.0,1112.29,1086.02,1104.49,20970170000,1104.49,0.0
2010-03-05,1105.36,1139.38,1105.36,1138.7,20011650000,1138.7,0.0
2010-03-12,1138.4,1153.41,1134.9,1149.99,24026590000,1149.99,0.0
2010-03-19,1148.53,1169.84,1141.45,1159.9,22944000000,1159.9,0.0
2010-03-26,1157.25,1180.6899,1152.88,1166.59,23756390000,1166.59,0.0
2010-04-01,1167.71,1181.4301,1165.77,1178.1,16951790000,1178.1,0.0
2010-04-09,1178.71,1194.66,1175.12,1194.37,22307770000,1194.37,0.0
2010-04-16,1194.9399,1213.92,1186.77,1192.13,29874510000,1192.13,0.0
2010-04-23,1192.0601,1217.28,1183.6801,1217.28,29000480000,1217.28,0.0
2010-04-30,1217.0699,1219.8,1181.62,1186.6899,31552280000,1186.6899,0.0
2010-05-07,1188.58,1205.13,1065.79,1110.88,38419430000,1110.88,0.0
2010-05-14,1122.27,1173.5699,1122.27,1135.6801,28958750000,1135.6801,0.0
2010-05-21,1136.52,1148.66,1055.9,1087.6899,32640260000,1087.6899,0.0
2010-05-28,1084.78,1103.52,1040.78,1089.41,27644340000,1089.41,0.0
2010-06-04,1087.3,1105.67,1060.5,1064.88,21474390000,1064.88,0.0
2010-06-11,1065.84,1092.25,1042.17,1091.6,26847570000,1091.6,0.0
2010-06-18,1095.0,1121.01,1089.03,1117.51,23186040000,1117.51,0.0
2010-06-25,1122.79,1131.23,1067.89,1076.76,23498560000,1076.76,0.0
2010-07-02,1077.5,1082.6,1010.91,1022.58,25504460000,1022.58,0.0
2010-07-09,1028.09,1078.16,1018.35,1077.96,17677490000,1077.96,0.0
2010-07-16,1077.23,1099.46,1063.3199,1064.88,22438320000,1064.88,0.0
2010-07-23,1066.85,1103.73,1056.88,1102.66,22901430000,1102.66,0.0
2010-07-30,1102.89,1120.95,1088.01,1101.6,21356600000,1101.6,0.0
2010-08-06,1107.53,1128.75,1107.17,1121.64,19817300000,1121.64,0.0
2010-08-13,1122.8,1129.24,1076.6899,1079.25,20320520000,1079.25,0.0
2010-08-20,1077.49,1100.14,1063.91,1071.6899,18887030000,1071.6899,0.0
2010-08-27,1073.36,1081.58,1039.7,1064.59,19756640000,1064.59,0.0
2010-09-03,1062.9,1105.1,1040.88,1104.51,18592350000,1104.51,0.0
2010-09-10,1102.6,1110.88,1091.15,1109.55,12780950000,1109.55,0.0
2010-09-17,1113.38,1131.47,1113.38,1125.59,19862160000,1125.59,0.0
2010-09-24,1126.5699,1148.9,1122.79,1148.67,19422610000,1148.67,0.0
2010-10-01,1148.64,1157.16,1132.09,1146.24,20187050000,1146.24,0.0
2010-10-08,1144.96,1167.73,1131.87,1165.15,19528080000,1165.15,0.0
2010-10-15,1165.3199,1184.38,1155.71,1176.1899,22245800000,1176.1899,0.0
2010-10-22,1176.83,1189.4301,1159.71,1183.08,22881410000,1183.08,0.0
2010-10-29,1184.74,1196.14,1171.7,1183.26,20582070000,1183.26,0.0
2010-11-05,1185.71,1227.08,1177.65,1225.85,23993790000,1225.85,0.0
2010-11-12,1223.24,1226.84,1194.08,1199.21,21491310000,1199.21,0.0
2010-11-19,1200.4399,1207.4301,1173.0,1199.73,20887180000,1199.73,0.0
2010-11-26,1198.0699,1198.9399,1176.91,1189.4,12820640000,1189.4,0.0
2010-12-03,1189.08,1225.5699,1173.64,1224.71,21212840000,1224.71,0.0
2010-12-10,1223.87,1240.4,1219.5,1240.4,24175410000,1240.4,0.0
2010-12-17,1242.52,1246.73,1232.85,1243.91,22270220000,1243.91,0.0
2010-12-23,1245.76,1259.39,1241.51,1256.77,10828420000,1256.77,0.0
2010-12-31,1254.66,1262.6,1251.48,1257.64,10455790000,1257.64,0.0
2011-01-07,1257.62,1278.17,1257.62,1271.5,23655220000,1271.5,0.0
2011-01-14,1270.84,1293.24,1262.1801,1293.24,21286570000,1293.24,0.0
2011-01-21,1293.22,1296.0601,1271.26,1283.35,19899340000,1283.35,0.0
2011-01-28,1283.29,1302.67,1275.1,1276.34,23156650000,1276.34,0.0
2011-02-04,1276.5,1311.0,1276.5,1310.87,21726860000,1310.87,0.0
2011-02-11,1311.85,1330.79,1311.74,1329.15,20109950000,1329.15,0.0
2011-02-18,1328.73,1344.0699,1324.61,1343.01,12589110000,1343.01,0.0
2011-02-25,1338.91,1338.91,1294.26,1319.88,7712050000,1319.88,0.0
2011-03-04,1321.61,1332.28,1302.58,1321.15,12022480000,1321.15,0.0
2011-03-11,1322.72,1327.6801,1291.99,1304.28,20669090000,1304.28,0.0
2011-03-18,1301.1899,1301.1899,1249.05,1279.21,23905220000,1279.21,0.0
2011-03-25,1281.65,1319.1801,1281.65,1313.8,20090110000,1313.8,0.0
2011-04-01,1315.45,1337.85,1305.26,1332.41,18297330000,1332.41,0.0
2011-04-08,1333.5601,1339.46,1322.9399,1328.17,19888170000,1328.17,0.0
2011-04-15,1329.01,1333.77,1302.42,1319.6801,19701690000,1319.6801,0.0
2011-04-21,1313.35,1337.49,1294.7,1337.38,15933560000,1337.38,0.0
2011-04-29,1337.14,1364.5601,1331.47,1363.61,17617650000,1363.61,0.0
2011-05-06,1365.21,1370.58,1329.17,1340.2,20363720000,1340.2,0.0
2011-05-13,1340.2,1359.4399,1332.03,1337.77,19539110000,1337.77,0.0
2011-05-20,1334.77,1346.8199,1318.51,1333.27,19514380000,1333.27,0.0
2011-05-27,1333.0699,1334.62,1311.8,1331.1,17595530000,1331.1,0.0
2011-06-03,1331.1,1345.2,1297.9,1300.16,16204530000,1300.16,0.0
2011-06-10,1300.26,1300.26,1268.28,1270.98,18551800000,1270.98,0.0
2011-06-17,1271.3101,1292.5,1258.0699,1271.5,20466010000,1271.5,0.0
2011-06-24,1271.5,1298.61,1262.87,1268.45,19888020000,1268.45,0.0
2011-07-01,1268.4399,1341.01,1267.53,1339.67,19505540000,1339.67,0.0
2011-07-08,1339.59,1356.48,1330.92,1343.8,14950400000,1343.8,0.0
2011-07-15,1343.3101,1343.3101,1306.51,1316.14,20768430000,1316.14,0.0
2011-07-22,1315.9399,1347.0,1295.92,1345.02,20550440000,1345.02,0.0
2011-07-29,1344.3199,1344.3199,1282.86,1292.28,21035970000,1292.28,0.0
2011-08-05,1292.59,1307.38,1168.09,1199.38,26341740000,1199.38,0.0
2011-08-12,1198.48,1198.48,1101.54,1178.8101,19325310000,1178.8101,0.0
2011-08-19,1178.86,1208.47,1122.05,1123.53,22135160000,1123.53,0.0
2011-08-26,1123.55,1190.6801,1121.09,1176.8,26548480000,1176.8,0.0
2011-09-02,1177.91,1230.71,1170.5601,1173.97,23250630000,1173.97,0.0
2011-09-09,1173.97,1204.4,1140.13,1154.23,18596560000,1154.23,0.0
2011-09-16,1153.5,1220.0601,1136.0699,1216.01,24565280000,1216.01,0.0
2011-09-23,1214.99,1220.39,1114.22,1136.4301,25641420000,1136.4301,0.0
2011-09-30,1136.91,1195.86,1131.0699,1131.42,24801410000,1131.42,0.0
2011-10-07,1131.21,1171.4,1074.77,1155.46,22574340000,1155.46,0.0
2011-10-14,1158.15,1224.61,1158.15,1224.58,22779620000,1224.58,0.0
2011-10-21,1224.47,1239.03,1191.48,1238.25,23838320000,1238.25,0.0
2011-10-28,1238.72,1292.66,1221.0601,1285.09,24561180000,1285.09,0.0
2011-11-04,1284.96,1284.96,1215.42,1253.23,22746070000,1253.23,0.0
2011-11-11,1253.21,1277.55,1226.64,1263.85,19370910000,1263.85,0.0
2011-11-18,1263.85,1264.25,1209.4301,1215.65,19328050000,1215.65,0.0
2011-11-25,1215.62,1215.62,1158.66,1158.67,13424920000,1158.67,0.0
2011-12-02,1158.67,1260.08,1158.67,1244.28,21678300000,1244.28,0.0
2011-12-09,1244.33,1267.0601,1231.47,1255.1899,20171810000,1255.1899,0.0
2011-12-16,1255.05,1255.05,1209.47,1219.66,21176570000,1219.66,0.0
2011-12-23,1219.74,1265.42,1202.37,1265.33,16400510000,1265.33,0.0
2011-12-30,1265.02,1269.37,1248.64,1257.6,9030550000,1257.6,0.0
2012-01-06,1258.86,1284.62,1258.86,1277.8101,15509070000,1277.8101,0.0
2012-01-13,1277.83,1296.8199,1274.55,1289.09,19273940000,1289.09,0.0
2012-01-20,1290.22,1315.49,1290.22,1315.38,16485160000,1315.38,0.0
2012-01-27,1315.29,1333.47,1306.0601,1316.33,20404830000,1316.33,0.0
2012-02-03,1316.16,1345.34,1300.49,1344.9,21128390000,1344.9,0.0
2012-02-10,1344.3199,1354.3199,1335.92,1342.64,19306360000,1342.64,0.0
2012-02-17,1343.0601,1363.4,1340.8,1361.23,19414420000,1361.23,0.0
2012-02-24,1361.22,1368.92,1352.28,1365.74,14720720000,1365.74,0.0
2012-03-02,1365.2,1378.04,1354.92,1369.63,18913110000,1369.63,0.0
2012-03-09,1369.59,1374.76,1340.03,1370.87,18383450000,1370.87,0.0
2012-03-16,1370.78,1405.88,1366.6899,1404.17,21406220000,1404.17,0.0
2012-03-23,1404.17,1414.0,1386.87,1397.11,18414980000,1397.11,0.0
2012-03-30,1397.11,1419.15,1391.5601,1408.47,18492280000,1408.47,0.0
2012-04-05,1408.47,1422.38,1392.92,1398.08,14636130000,1398.08,0.0
2012-04-13,1397.45,1397.45,1357.38,1370.26,19093190000,1370.26,0.0
2012-04-20,1370.27,1392.76,1365.38,1378.53,18507460000,1378.53,0.0
2012-04-27,1378.53,1406.64,1358.79,1403.36,18950920000,1403.36,0.0
2012-05-04,1403.26,1415.3199,1367.96,1369.1,19165870000,1369.1,0.0
2012-05-11,1368.79,1373.91,1343.13,1353.39,19706660000,1353.39,0.0
2012-05-18,1351.9301,1351.9301,1291.98,1295.22,21259330000,1295.22,0.0
2012-05-25,1295.73,1328.49,1295.73,1317.8199,18829090000,1317.8199,0.0
2012-06-01,1318.9,1334.9301,1277.25,1278.04,16202900000,1278.04,0.0
2012-06-08,1278.29,1329.05,1266.74,1325.66,19438880000,1325.66,0.0
2012-06-15,1325.72,1343.3199,1306.62,1342.84,18576250000,1342.84,0.0
2012-06-22,1342.42,1363.46,1324.41,1335.02,20136440000,1335.02,0.0
2012-06-29,1334.9,1362.17,1309.27,1362.16,18761520000,1362.16,0.0
2012-07-06,1362.33,1374.8101,1348.03,1354.6801,11204700000,1354.6801,0.0
2012-07-13,1354.66,1361.54,1325.41,1356.78,16669120000,1356.78,0.0
2012-07-20,1356.5,1380.39,1345.0699,1362.66,18040410000,1362.66,0.0
2012-07-27,1362.34,1389.1899,1329.24,1385.97,20155950000,1385.97,0.0
2012-08-03,1385.9399,1394.16,1354.65,1390.99,19419460000,1390.99,0.0
2012-08-10,1391.04,1407.14,1391.04,1405.87,15913920000,1405.87,0.0
2012-08-17,1405.87,1418.71,1397.3199,1418.16,14123730000,1418.16,0.0
2012-08-24,1417.85,1426.6801,1398.04,1411.13,14718990000,1411.13,0.0
2012-08-31,1411.13,1416.17,1397.01,1406.58,13141340000,1406.58,0.0
2012-09-07,1406.54,1437.92,1396.5601,1437.92,14259910000,1437.92,0.0
2012-09-14,1437.92,1474.51,1428.98,1465.77,20023040000,1465.77,0.0
2012-09-21,1465.42,1467.0699,1449.98,1460.15,18527570000,1460.15,0.0
2012-09-28,1459.76,1463.24,1430.53,1440.67,16973760000,1440.67,0.0
2012-10-05,1440.9,1470.96,1439.01,1460.9301,17147310000,1460.9301,0.0
2012-10-12,1460.9301,1460.9301,1425.53,1428.59,15577390000,1428.59,0.0
2012-10-19,1428.75,1464.02,1427.24,1433.1899,18463100000,1433.1899,0.0
2012-10-26,1433.21,1435.46,1403.28,1411.9399,16987410000,1411.9399,0.0
2012-11-02,1410.99,1434.27,1405.95,1414.2,11239480000,1414.2,0.0
2012-11-09,1414.02,1433.38,1373.03,1379.85,18011370000,1379.85,0.0
2012-11-16,1379.86,1388.8101,1343.35,1359.88,18107380000,1359.88,0.0
2012-11-23,1359.88,1409.16,1359.88,1409.15,10754010000,1409.15,0.0
2012-11-30,1409.15,1419.7,1385.4301,1416.1801,16954180000,1416.1801,0.0
2012-12-07,1416.34,1423.73,1398.23,1418.0699,16930770000,1418.0699,0.0
2012-12-14,1418.0699,1438.59,1411.88,1413.58,16918840000,1413.58,0.0
2012-12-21,1413.54,1448.0,1413.54,1430.15,20543390000,1430.15,0.0
2012-12-28,1430.15,1430.15,1401.58,1402.4301,8790850000,1402.4301,0.0
2013-01-04,1402.4301,1467.9399,1398.11,1466.47,14660950000,1466.47,0.0
2013-01-11,1466.47,1472.75,1451.64,1472.05,18003450000,1472.05,0.0
2013-01-18,1472.05,1485.98,1463.76,1485.98,17024890000,1485.98,0.0
2013-01-25,1485.98,1503.26,1481.16,1502.96,14298680000,1502.96,0.0
2013-02-01,1502.96,1514.41,1496.33,1513.17,18901190000,1513.17,0.0
2013-02-08,1513.17,1518.3101,1495.02,1517.9301,17220660000,1517.9301,0.0
2013-02-15,1517.9301,1524.6899,1513.61,1519.79,17082600000,1519.79,0.0
2013-02-22,1519.79,1530.9399,1497.29,1515.6,15683400000,1515.6,0.0
2013-03-01,1515.6,1525.84,1485.01,1518.2,19146110000,1518.2,0.0
2013-03-08,1518.2,1552.48,1512.29,1551.1801,17988980000,1551.1801,0.0
2013-03-15,1551.15,1563.62,1547.36,1560.7,18074930000,1560.7,0.0
2013-03-22,1560.7,1561.5601,1538.5699,1556.89,16501510000,1556.89,0.0
2013-03-28,1556.89,1570.28,1546.22,1569.1899,12266080000,1569.1899,0.0
2013-04-05,1569.1801,1573.66,1539.5,1553.28,16991960000,1553.28,0.0
2013-04-12,1553.26,1597.35,1548.63,1588.85,16193490000,1588.85,0.0
2013-04-19,1588.84,1588.84,1536.03,1555.25,20025810000,1555.25,0.0
2013-04-26,1555.25,1592.64,1548.1899,1582.24,17250470000,1582.24,0.0
2013-05-03,1582.34,1618.46,1581.28,1614.42,17137450000,1614.42,0.0
2013-05-10,1614.4,1635.01,1614.21,1633.7,16470390000,1633.7,0.0
2013-05-17,1632.1,1667.47,1626.74,1667.47,16979670000,1667.47,0.0
2013-05-24,1665.71,1687.1801,1635.53,1649.6,17853250000,1649.6,0.0
2013-05-31,1652.63,1674.21,1630.74,1630.74,14642760000,1630.74,0.0
2013-06-07,1631.71,1646.53,1598.23,1643.38,18157630000,1643.38,0.0
2013-06-14,1644.67,1648.6899,1608.0699,1626.73,15935010000,1626.73,0.0
2013-06-21,1630.64,1654.1899,1577.7,1592.4301,20459250000,1592.4301,0.0
2013-06-28,1588.77,1620.0699,1560.33,1606.28,20394900000,1606.28,0.0
2013-07-05,1609.78,1632.0699,1604.5699,1631.89,11022010000,1631.89,0.0
2013-07-12,1634.2,1680.1899,1634.2,1680.1899,16166370000,1680.1899,0.0
2013-07-19,1679.59,1693.12,1671.84,1692.09,15613300000,1692.09,0.0
2013-07-26,1694.41,1698.78,1676.03,1691.65,15296700000,1691.65,0.0
2013-08-02,1690.3199,1709.67,1681.86,1709.67,16920240000,1709.67,0.0
2013-08-09,1708.01,1709.24,1684.91,1691.42,14910070000,1691.42,0.0
2013-08-16,1688.37,1696.8101,1652.61,1655.83,15334290000,1655.83,0.0
2013-08-23,1655.25,1664.85,1639.4301,1663.5,13950930000,1663.5,0.0
2013-08-30,1664.29,1669.51,1627.47,1632.97,13695720000,1632.97,0.0
2013-09-06,1635.95,1664.83,1633.41,1655.17,13124750000,1655.17,0.0
2013-09-13,1656.85,1689.97,1656.85,1687.99,15772830000,1687.99,0.0
2013-09-20,1691.7,1729.86,1691.7,1709.91,18657960000,1709.91,0.0
2013-09-27,1711.4399,1711.4399,1687.11,1691.75,15310240000,1691.75,0.0
2013-10-04,1687.26,1696.55,1670.36,1690.5,15855840000,1690.5,0.0
2013-10-11,1687.15,1703.4399,1646.47,1703.2,16132530000,1703.2,0.0
2013-10-18,1699.86,1745.3101,1692.13,1744.5,16512980000,1744.5,0.0
2013-10-25,1745.2,1759.8199,1740.5,1759.77,17464350000,1759.77,0.0
2013-11-01,1759.42,1775.22,1752.7,1761.64,17676620000,1761.64,0.0
2013-11-08,1763.4,1774.54,1746.2,1770.61,18014020000,1770.61,0.0
2013-11-15,1769.96,1798.22,1760.64,1798.1801,15476450000,1798.1801,0.0
2013-11-22,1798.8199,1804.84,1777.23,1804.76,15813880000,1804.76,0.0
2013-11-29,1806.33,1813.55,1800.58,1805.8101,10637550000,1805.8101,0.0
2013-12-06,1806.55,1810.02,1779.09,1805.09,16668560000,1805.09,0.0
2013-12-13,1806.21,1811.52,1772.28,1775.3199,16086600000,1775.3199,0.0
2013-12-20,1777.48,1823.75,1767.99,1818.3199,19402600000,1818.3199,0.0
2013-12-27,1822.92,1844.89,1822.92,1841.4,8194360000,1841.4,0.0
2014-01-03,1841.47,1849.4399,1827.74,1831.37,10461570000,1831.37,0.0
2014-01-10,1832.3101,1843.23,1823.73,1842.37,17375600000,1842.37,0.0
2014-01-17,1841.26,1850.84,1815.52,1838.7,17839850000,1838.7,0.0
2014-01-24,1841.05,1849.3101,1790.29,1790.29,15747340000,1790.29,0.0
2014-01-31,1791.03,1798.77,1770.45,1782.59,19054250000,1782.59,0.0
2014-02-07,1782.6801,1798.03,1737.92,1797.02,20380140000,1797.02,0.0
2014-02-14,1796.2,1841.65,1791.83,1838.63,16742180000,1838.63,0.0
2014-02-21,1839.03,1847.5,1824.58,1836.25,13891540000,1836.25,0.0
2014-02-28,1836.78,1867.92,1836.78,1859.45,18711730000,1859.45,0.0
2014-03-07,1857.6801,1883.5699,1834.4399,1878.04,17512170000,1878.04,0.0
2014-03-14,1877.86,1882.35,1839.5699,1841.13,16641060000,1841.13,0.0
2014-03-21,1842.8101,1883.97,1842.8101,1866.52,17678140000,1866.52,0.0
2014-03-28,1867.67,1875.92,1842.11,1857.62,16779360000,1857.62,0.0
2014-04-04,1859.16,1897.28,1859.16,1865.09,16381500000,1865.09,0.0
2014-04-11,1863.92,1872.53,1814.36,1815.6899,18333880000,1815.6899,0.0
2014-04-17,1818.1801,1869.63,1815.8,1864.85,13344490000,1864.85,0.0
2014-04-25,1865.79,1884.89,1859.7,1863.4,15348510000,1863.4,0.0
2014-05-02,1865.0,1891.33,1850.61,1881.14,18038030000,1881.14,0.0
2014-05-09,1879.45,1889.0699,1859.79,1878.48,16112380000,1878.48,0.0
2014-05-16,1880.03,1902.17,1862.36,1877.86,15469770000,1877.86,0.0
2014-05-23,1876.66,1901.26,1868.14,1900.53,13605170000,1900.53,0.0
2014-05-30,1902.01,1924.03,1902.01,1923.5699,11860010000,1923.5699,0.0
2014-06-06,1923.87,1949.4399,1915.98,1949.4399,14147690000,1949.4399,0.0
2014-06-13,1948.97,1955.55,1925.78,1936.16,13863870000,1936.16,0.0
2014-06-20,1934.84,1963.91,1930.91,1962.87,16251000000,1962.87,0.0
2014-06-27,1962.92,1968.17,1944.6899,1960.96,15983470000,1960.96,0.0
2014-07-03,1960.79,1985.59,1958.22,1985.4399,11075160000,1985.4399,0.0
2014-07-11,1984.22,1984.22,1952.86,1967.5699,14692810000,1967.5699,0.0
2014-07-18,1969.86,1983.9399,1955.59,1978.22,15952350000,1978.22,0.0
2014-07-25,1976.9301,1991.39,1965.77,1978.34,14213850000,1978.34,0.0
2014-08-01,1978.25,1984.85,1916.37,1925.15,17417530000,1925.15,0.0
2014-08-08,1926.62,1942.92,1904.78,1931.59,16207390000,1931.59,0.0
2014-08-15,1933.4301,1964.04,1928.29,1955.0601,13747450000,1955.0601,0.0
2014-08-22,1958.36,1994.76,1958.36,1988.4,12814930000,1988.4,0.0
2014-08-29,1991.74,2005.04,1990.52,2003.37,11571710000,2003.37,0.0
2014-09-05,2004.0699,2011.17,1990.1,2007.71,11520670000,2007.71,0.0
2014-09-12,2007.17,2007.17,1980.26,1985.54,14732610000,1985.54,0.0
2014-09-19,1986.04,2019.26,1978.48,2010.4,17261820000,2010.4,0.0
2014-09-26,2009.08,2009.08,1965.99,1982.85,16145360000,1982.85,0.0
2014-10-03,1978.96,1985.17,1926.03,1967.9,18807610000,1967.9,0.0
2014-10-10,1970.01,1977.84,1906.05,1906.13,20382540000,1906.13,0.0
2014-10-17,1905.65,1912.09,1820.66,1886.76,24810660000,1886.76,0.0
2014-10-24,1885.62,1965.27,1882.3,1964.58,17947860000,1964.58,0.0
2014-10-31,1962.97,2018.1899,1951.37,2018.05,18810910000,2018.05,0.0
2014-11-07,2018.21,2034.26,2001.01,2031.92,18652340000,2031.92,0.0
2014-11-14,2032.01,2046.1801,2030.17,2039.8199,16172310000,2039.8199,0.0
2014-11-21,2038.29,2071.46,2034.46,2063.5,17004640000,2063.5,0.0
2014-11-28,2065.0701,2075.76,2064.75,2067.5601,11770900000,2067.5601,0.0
2014-12-05,2065.78,2079.47,2049.5701,2075.3701,18286300000,2075.3701,0.0
2014-12-12,2074.8401,2075.78,2002.33,2002.33,19961180000,2002.33,0.0
2014-12-19,2005.03,2077.8501,1972.5601,2070.6499,25431950000,2070.6499,0.0
2014-12-26,2069.28,2092.7,2069.28,2088.77,9565680000,2088.77,0.0
2015-01-02,2087.6299,2093.55,2046.04,2058.2,10207410000,2058.2,0.0
2015-01-09,2054.4399,2064.4299,1992.4399,2044.8101,19362860000,2044.8101,0.0
2015-01-16,2046.13,2056.9299,1988.12,2019.42,20275570000,2019.42,0.0
2015-01-23,2020.76,2064.6201,2004.49,2051.8201,15424020000,2051.8201,0.0
2015-01-30,2050.4199,2057.6201,1989.1801,1994.99,19558890000,1994.99,0.0
2015-02-06,1996.67,2072.3999,1980.9,2055.47,20821110000,2055.47,0.0
2015-02-13,2053.47,2097.03,2041.88,2096.99,18132050000,2096.99,0.0
2015-02-20,2096.47,2110.6101,2085.4399,2110.3,13260470000,2110.3,0.0
2015-02-27,2109.8301,2119.5901,2103.0,2104.5,16561930000,2104.5,0.0
2015-03-06,2105.23,2117.52,2067.27,2071.26,17049500000,2071.26,0.0
2015-03-13,2072.25,2083.49,2039.6899,2053.3999,17328980000,2053.3999,0.0
2015-03-20,2055.3501,2113.9199,2055.3501,2108.1001,19504990000,2108.1001,0.0
2015-03-27,2107.99,2114.8601,2045.5,2061.02,16498140000,2061.02,0.0
2015-04-02,2064.1101,2088.97,2048.3799,2066.96,12933470000,2066.96,0.0
2015-04-10,2064.8701,2102.6101,2056.52,2102.0601,15962370000,2102.0601,0.0
2015-04-17,2102.03,2111.9099,2072.3701,2081.1799,17285170000,2081.1799,0.0
2015-04-24,2084.1101,2120.9199,2084.1101,2117.6899,16604500000,2117.6899,0.0
2015-05-01,2119.29,2125.9199,2077.5901,2108.29,18949060000,2108.29,0.0
2015-05-08,2110.23,2120.95,2067.9299,2116.1001,17753820000,2116.1001,0.0
2015-05-15,2115.5601,2123.8899,2085.5701,2122.73,15824270000,2122.73,0.0
2015-05-22,2121.3,2134.72,2120.01,2126.0601,14852420000,2126.0601,0.0
2015-05-29,2125.3401,2126.22,2099.1799,2107.3899,13377830000,2107.3899,0.0
2015-06-05,2108.6399,2121.9199,2085.6699,2092.8301,15604780000,2092.8301,0.0
2015-06-12,2092.3401,2115.02,2072.1399,2094.1101,15214050000,2094.1101,0.0
2015-06-19,2091.3401,2126.6499,2072.49,2109.99,17173880000,2109.99,0.0
2015-06-26,2112.5,2129.8701,2095.3799,2101.49,17463770000,2101.49,0.0
2015-07-02,2098.6299,2098.6299,2056.3201,2076.78,14481300000,2076.78,0.0
2015-07-10,2073.95,2083.74,2044.02,2076.6201,18065680000,2076.6201,0.0
2015-07-17,2080.03,2128.9099,2080.03,2126.6399,15950490000,2126.6399,0.0
2015-07-24,2126.8501,2132.8201,2077.0901,2079.6499,17926480000,2079.6499,0.0
2015-07-31,2078.1899,2114.24,2063.52,2103.8401,19254140000,2103.8401,0.0
2015-08-07,2104.49,2112.6599,2067.9099,2077.5701,18841050000,2077.5701,0.0
2015-08-14,2080.98,2105.3501,2052.0901,2091.54,17509360000,2091.54,0.0
2015-08-21,2089.7,2103.47,1970.89,1970.89,18271310000,1970.89,0.0
2015-08-28,1965.15,1993.48,1867.01,1988.87,26089970000,1988.87,0.0
2015-09-04,1986.73,1986.73,1903.0699,1921.22,18717360000,1921.22,0.0
2015-09-11,1927.3,1988.63,1927.3,1961.05,14045680000,1961.05,0.0
2015-09-18,1963.0601,2020.86,1948.27,1958.03,20075770000,1958.03,0.0
2015-09-25,1960.84,1979.64,1908.92,1931.34,18081540000,1931.34,0.0
2015-10-02,1929.1801,1951.36,1871.91,1951.36,21346290000,1951.36,0.0
2015-10-09,1954.33,2020.13,1954.33,2014.89,20849400000,2014.89,0.0
2015-10-16,2015.65,2033.54,1990.73,2033.11,17281480000,2033.11,0.0
2015-10-23,2031.73,2079.74,2017.22,2075.1499,18785920000,2075.1499,0.0
2015-10-30,2075.0801,2094.3201,2058.8401,2079.3601,20565930000,2079.3601,0.0
2015-11-06,2080.76,2116.48,2080.76,2099.2,20531860000,2099.2,0.0
2015-11-13,2096.5601,2096.5601,2022.02,2023.04,19691320000,2023.04,0.0
2015-11-20,2022.08,2097.0601,2019.39,2089.1699,19652690000,2089.1699,0.0
2015-11-27,2089.4099,2095.6101,2070.29,2090.1101,11792690000,2090.1101,0.0
2015-12-04,2090.95,2104.27,2042.35,2091.6899,20459190000,2091.6899,0.0
2015-12-11,2090.4199,2090.4199,2008.8,2012.37,20618850000,2012.37,0.0
2015-12-18,2013.37,2076.72,1993.26,2005.55,24611890000,2005.55,0.0
2015-12-24,2010.27,2067.3601,2005.9301,2060.99,12177090000,2060.99,0.0
2015-12-31,2057.77,2081.5601,2043.62,2043.9399,10057270000,2043.9399,0.0
2016-01-08,2038.2,2038.2,1918.46,1922.03,22089690000,1922.03,0.0
2016-01-15,1926.12,1950.33,1857.83,1880.33,25291150000,1880.33,0.0
2016-01-22,1888.66,1908.85,1812.29,1906.9,21324990000,1906.9,0.0
2016-01-29,1906.28,1940.24,1872.7,1940.24,23703940000,1940.24,0.0
2016-02-05,1936.9399,1947.2,1872.23,1880.05,24081930000,1880.05,0.0
2016-02-12,1873.25,1881.6,1810.1,1864.78,25488570000,1864.78,0.0
2016-02-19,1871.4399,1930.6801,1871.4399,1917.78,18161550000,1917.78,0.0
2016-02-26,1924.4399,1962.96,1891.0,1948.05,20729330000,1948.05,0.0
2016-03-04,1947.13,2009.13,1931.8101,1999.99,25206170000,1999.99,0.0
2016-03-11,1996.11,2022.37,1969.25,2022.1899,22103360000,2022.1899,0.0
2016-03-18,2019.27,2052.3601,2005.23,2049.5801,22138770000,2049.5801,0.0
2016-03-24,2047.88,2056.6001,2022.49,2035.9399,13842290000,2035.9399,0.0
2016-04-01,2037.89,2075.0701,2028.3101,2072.78,17687000000,2072.78,0.0
2016-04-08,2073.1899,2074.02,2033.8,2047.6,18552210000,2047.6,0.0
2016-04-15,2050.23,2087.8401,2039.74,2080.73,19466730000,2080.73,0.0
2016-04-22,2078.8301,2111.05,2073.6499,2091.5801,19364460000,2091.5801,0.0
2016-04-29,2089.3701,2099.8899,2052.28,2065.3,19991600000,2065.3,0.0
2016-05-06,2067.1699,2083.4199,2039.45,2057.1399,19877940000,2057.1399,0.0
2016-05-13,2057.55,2084.8701,2043.13,2046.61,18573070000,2046.61,0.0
2016-05-20,2046.53,2071.8799,2025.91,2052.3201,19066060000,2052.3201,0.0
2016-05-27,2052.23,2099.0601,2047.26,2099.0601,16852120000,2099.0601,0.0
2016-06-03,2100.1299,2105.26,2085.1001,2099.1299,15300080000,2099.1299,0.0
2016-06-10,2100.8301,2120.55,2089.96,2096.0701,17344140000,2096.0701,0.0
2016-06-17,2091.75,2098.1201,2050.3701,2071.22,19277430000,2071.22,0.0
2016-06-24,2075.5801,2113.3201,2032.5699,2037.41,20763870000,2037.41,0.0
2016-07-01,2031.45,2108.71,1991.6801,2102.95,22140480000,2102.95,0.0
2016-07-08,2095.05,2131.71,2074.02,2129.8999,14779810000,2129.8999,0.0
2016-07-15,2131.72,2169.05,2131.72,2161.74,17441690000,2161.74,0.0
2016-07-22,2162.04,2175.6299,2159.01,2175.03,15651690000,2175.03,0.0
2016-07-29,2173.71,2177.0901,2159.0701,2173.6001,18198170000,2173.6001,0.0
2016-08-05,2173.1499,2182.8701,2147.5801,2182.8701,18513540000,2182.8701,0.0
2016-08-12,2183.76,2188.45,2172.0,2184.05,16340620000,2184.05,0.0
2016-08-19,2186.0801,2193.8101,2168.5,2183.8701,16049210000,2183.8701,0.0
2016-08-26,2181.5801,2193.4199,2160.3899,2169.04,15278970000,2169.04,0.0
2016-09-02,2170.1899,2184.8701,2157.0901,2179.98,15911210000,2179.98,0.0
2016-09-09,2181.6101,2187.8701,2127.8101,2127.8101,14728870000,2127.8101,0.0
2016-09-16,2120.8601,2163.3,2119.1201,2139.1599,20204330000,2139.1599,0.0
2016-09-23,2143.99,2179.99,2135.9099,2164.6899,16885840000,2164.6899,0.0
2016-09-30,2158.54,2175.3,2141.55,2168.27,18967960000,2168.27,0.0
2016-10-07,2164.3301,2165.8601,2144.01,2153.74,17876430000,2153.74,0.0
2016-10-14,2160.3899,2169.6001,2114.72,2132.98,16140520000,2132.98,0.0
2016-10-21,2132.95,2148.4399,2124.4299,2141.1599,16149080000,2141.1599,0.0
2016-10-28,2148.5,2154.79,2119.3601,2126.4099,19108200000,2126.4099,0.0
2016-11-04,2129.78,2133.25,2083.79,2085.1799,20427740000,2085.1799,0.0
2016-11-11,2100.5901,2182.3,2100.5901,2164.45,25356830000,2164.45,0.0
2016-11-18,2165.6399,2189.8899,2156.0801,2181.8999,21123210000,2181.8999,0.0
2016-11-25,2186.4299,2213.3501,2186.4299,2213.3501,12568190000,2213.3501,0.0
2016-12-02,2210.21,2214.1001,2187.4399,2191.95,21589430000,2191.95,0.0
2016-12-09,2200.6499,2259.8,2199.97,2259.53,20337430000,2259.53,0.0
2016-12-16,2258.8301,2277.53,2248.4399,2258.0701,22387610000,2258.0701,0.0
2016-12-23,2259.24,2272.5601,2256.0801,2263.79,14296250000,2263.79,0.0
2016-12-30,2266.23,2273.8201,2233.6201,2238.8301,9386710000,2238.8301,0.0
2017-01-06,2251.5701,2282.1001,2245.1299,2276.98,14637130000,2276.98,0.0
2017-01-13,2273.5901,2279.27,2254.25,2274.6399,17020210000,2274.6399,0.0
2017-01-20,2269.1399,2276.96,2258.4099,2271.3101,13591180000,2271.3101,0.0
2017-01-27,2267.78,2300.99,2257.02,2294.6899,17555940000,2294.6899,0.0
2017-02-03,2286.01,2298.3101,2267.21,2297.4199,19001010000,2297.4199,0.0
2017-02-10,2294.28,2319.23,2285.3799,2316.1001,17320440000,2316.1001,0.0
2017-02-17,2321.72,2351.3101,2321.4199,2351.1599,17831660000,2351.1599,0.0
2017-02-24,2354.9099,2368.26,2352.8701,2367.3401,14895280000,2367.3401,0.0
2017-03-03,2365.23,2400.98,2358.96,2383.1201,19514510000,2383.1201,0.0
2017-03-10,2375.23,2378.8,2354.54,2372.6001,17712480000,2372.6001,0.0
2017-03-17,2371.5601,2390.01,2358.1799,2378.25,18757070000,2378.25,0.0
2017-03-24,2378.24,2381.9299,2335.74,2343.98,17128980000,2343.98,0.0
2017-03-31,2329.1101,2370.4199,2322.25,2362.72,16227480000,2362.72,0.0
2017-04-07,2362.3401,2378.3601,2344.73,2355.54,16648230000,2355.54,0.0
2017-04-13,2357.1599,2366.3701,2328.95,2328.95,12243670000,2328.95,0.0
2017-04-21,2332.6201,2361.3701,2332.51,2348.6899,16765230000,2348.6899,0.0
2017-04-28,2370.3301,2398.1599,2369.1899,2384.2,19608540000,2384.2,0.0
2017-05-05,2388.5,2399.29,2379.75,2399.29,18809590000,2399.29,0.0
2017-05-12,2399.9399,2403.8701,2381.74,2390.8999,17759610000,2390.8999,0.0
2017-05-19,2393.98,2405.77,2352.72,2381.73,19201970000,2381.73,0.0
2017-05-26,2387.21,2418.71,2386.9199,2415.8201,16116730000,2415.8201,0.0
2017-06-02,2411.6699,2440.23,2403.5901,2439.0701,15038090000,2439.0701,0.0
2017-06-09,2437.8301,2446.2,2415.7,2431.77,17598940000,2431.77,0.0
2017-06-16,2425.8799,2443.75,2418.53,2433.1499,19496610000,2433.1499,0.0
2017-06-23,2442.55,2453.8201,2430.74,2438.3,19022570000,2438.3,0.0
2017-06-30,2443.3201,2450.4199,2405.7,2423.4099,17565550000,2423.4099,0.0
2017-07-07,2431.3899,2439.1699,2407.7,2425.1799,11595360000,2425.1799,0.0
2017-07-14,2424.51,2463.54,2412.79,2459.27,15081810000,2459.27,0.0
2017-07-21,2459.5,2477.6201,2450.3401,2472.54,15057410000,2472.54,0.0
2017-07-28,2472.04,2484.04,2459.9299,2472.1001,17965610000,2472.1001,0.0
2017-08-04,2475.9399,2480.3799,2466.48,2476.8301,17288810000,2476.8301,0.0
2017-08-11,2477.1399,2490.8701,2437.75,2441.3201,16365480000,2441.3201,0.0
2017-08-18,2454.96,2474.9299,2420.6899,2425.55,15247600000,2425.55,0.0
2017-08-25,2425.5,2454.77,2417.3501,2443.05,13786300000,2443.05,0.0
2017-09-01,2447.3501,2480.3799,2428.2,2476.55,14107780000,2476.55,0.0
2017-09-08,2470.3501,2471.97,2446.55,2461.4299,13521090000,2461.4299,0.0
2017-09-15,2474.52,2500.23,2474.52,2500.23,18158360000,2500.23,0.0
2017-09-22,2502.51,2508.8501,2496.54,2502.22,15770230000,2502.22,0.0
2017-09-29,2499.3899,2519.4399,2488.03,2519.3601,16177570000,2519.3601,0.0
2017-10-06,2521.2,2552.51,2520.3999,2549.3301,15215390000,2549.3301,0.0
2017-10-13,2551.3899,2557.6499,2541.6001,2553.1699,14721510000,2553.1699,0.0
2017-10-20,2555.5701,2575.4399,2547.9199,2575.21,15178860000,2575.21,0.0
2017-10-27,2578.0801,2582.98,2544.0,2581.0701,18269710000,2581.0701,0.0
2017-11-03,2577.75,2588.4199,2566.1699,2587.8401,18915260000,2587.8401,0.0
2017-11-10,2587.47,2597.02,2566.3301,2582.3,18566610000,2582.3,0.0
2017-11-17,2576.53,2590.0901,2557.45,2578.8501,17216450000,2578.8501,0.0
2017-11-24,2579.49,2604.21,2578.24,2602.4199,10448990000,2602.4199,0.0
2017-12-01,2602.6599,2657.74,2598.8701,2642.22,19454370000,2642.22,0.0
2017-12-08,2657.1899,2665.1899,2624.75,2651.5,17189740000,2651.5,0.0
2017-12-15,2652.1899,2679.6299,2651.47,2675.8101,19343950000,2675.8101,0.0
2017-12-22,2685.9199,2694.97,2676.1101,2683.3401,16007500000,2683.3401,0.0
2017-12-29,2679.0901,2692.1201,2673.6101,2673.6101,8767680000,2673.6101,0.0
2018-01-05,2683.73,2743.45,2682.3601,2743.1499,13837790000,2743.1499,0.0
2018-01-12,2742.6699,2787.8501,2736.0601,2786.24,17487770000,2786.24,0.0
2018-01-19,2798.96,2810.3301,2768.6399,2810.3,15424920000,2810.3,0.0
2018-01-26,2809.1599,2872.8701,2808.1201,2872.8701,18283880000,2872.8701,0.0
2018-02-02,2867.23,2870.6201,2759.97,2762.1299,20065340000,2762.1299,0.0
2018-02-09,2741.0601,2763.3899,2532.6899,2619.55,26787200000,2619.55,0.0
2018-02-16,2636.75,2754.4199,2622.45,2732.22,18854770000,2732.22,0.0
2018-02-23,2722.99,2747.76,2697.77,2747.3,14297470000,2747.3,0.0
2018-03-02,2757.3701,2789.1499,2647.3201,2691.25,19786810000,2691.25,0.0
2018-03-09,2681.0601,2786.5701,2675.75,2786.5701,17051190000,2786.5701,0.0
2018-03-16,2790.54,2801.8999,2741.47,2752.01,18750700000,2752.01,0.0
2018-03-23,2741.3799,2741.3799,2585.8899,2588.26,17533550000,2588.26,0.0
2018-03-29,2619.3501,2674.78,2593.0601,2640.8701,14647940000,2640.8701,0.0
2018-04-06,2633.45,2672.0801,2553.8,2604.47,16820340000,2604.47,0.0
2018-04-13,2617.1799,2680.26,2610.79,2656.3,15609880000,2656.3,0.0
2018-04-20,2670.1001,2717.49,2660.6101,2670.1399,16375430000,2670.1399,0.0
2018-04-27,2675.3999,2683.55,2612.6699,2669.9099,17108410000,2669.9099,0.0
2018-05-04,2682.51,2682.8701,2594.6201,2663.4199,18483840000,2663.4199,0.0
2018-05-11,2680.3401,2732.8601,2655.2,2727.72,17060780000,2727.72,0.0
2018-05-18,2738.47,2742.1001,2701.9099,2712.97,16310100000,2712.97,0.0
2018-05-25,2735.3899,2742.24,2707.3799,2721.3301,15963780000,2721.3301,0.0
2018-06-01,2705.1101,2736.9299,2676.8101,2734.6201,15217440000,2734.6201,0.0
2018-06-08,2741.6699,2779.8999,2739.51,2779.03,17380480000,2779.03,0.0
2018-06-15,2780.1799,2791.47,2761.73,2779.6599,19368250000,2779.6599,0.0
2018-06-22,2765.79,2774.99,2743.1899,2754.8799,19026830000,2754.8799,0.0
2018-06-29,2742.9399,2746.0901,2691.99,2718.3701,17980020000,2718.3701,0.0
2018-07-06,2704.95,2764.4099,2698.95,2759.8201,10493320000,2759.8201,0.0
2018-07-13,2775.6201,2804.53,2770.73,2801.3101,14514320000,2801.3101,0.0
2018-07-20,2797.3601,2816.76,2789.24,2801.8301,15449650000,2801.8301,0.0
2018-07-27,2799.1699,2848.03,2795.1399,2818.8201,16947010000,2818.8201,0.0
2018-08-03,2819.0,2840.3799,2796.3401,2840.3501,17132630000,2840.3501,0.0
2018-08-10,2840.29,2863.4299,2825.8101,2833.28,15312600000,2833.28,0.0
2018-08-17,2835.46,2855.6299,2802.49,2850.1299,16024470000,2850.1299,0.0
2018-08-24,2853.9299,2876.1599,2850.6201,2874.6899,13894820000,2874.6899,0.0
2018-08-31,2884.6899,2916.5,2884.6899,2901.52,14011570000,2901.52,0.0
2018-09-07,2896.96,2900.1799,2864.1201,2871.6799,12404170000,2871.6799,0.0
2018-09-14,2881.3899,2908.3,2866.78,2904.98,15300720000,2904.98,0.0
2018-09-21,2903.8301,2940.9099,2886.1599,2929.6699,18247730000,2929.6699,0.0
2018-09-28,2921.8301,2931.1499,2903.28,2913.98,16539460000,2913.98,0.0
2018-10-05,2926.29,2939.8601,2869.29,2885.5701,17190620000,2885.5701,0.0
2018-10-12,2877.53,2894.8301,2710.51,2767.1299,20208740000,2767.1299,0.0
2018-10-19,2763.8301,2816.9399,2749.03,2767.78,17233120000,2767.78,0.0
2018-10-26,2773.9399,2778.9399,2628.1599,2658.6899,21802950000,2658.6899,0.0
2018-11-02,2682.6499,2756.55,2603.54,2723.0601,23838850000,2723.0601,0.0
2018-11-09,2726.3701,2815.1499,2717.9399,2781.01,18698510000,2781.01,0.0
2018-11-16,2773.9299,2775.99,2670.75,2736.27,20319060000,2736.27,0.0
2018-11-23,2730.74,2733.1599,2631.0901,2632.5601,13016000000,2632.5601,0.0
2018-11-30,2649.97,2760.8799,2649.97,2760.1699,19100190000,2760.1699,0.0
2018-12-07,2790.5,2800.1799,2621.53,2633.0801,18044060000,2633.0801,0.0
2018-12-14,2630.8601,2685.4399,2583.23,2599.95,19978530000,2599.95,0.0
2018-12-21,2590.75,2601.1299,2408.55,2416.6201,27409960000,2416.6201,0.0
2018-12-28,2400.5601,2520.27,2346.5801,2485.74,14647150000,2485.74,0.0
2019-01-04,2498.9399,2538.0701,2443.96,2531.9399,15212300000,2531.9399,0.0
2019-01-11,2535.6101,2597.8201,2524.5601,2596.26,19379210000,2596.26,0.0
2019-01-18,2580.3101,2675.47,2570.4099,2670.71,18859550000,2670.71,0.0
2019-01-25,2657.8799,2672.3799,2612.8601,2664.76,14490970000,2664.76,0.0
2019-02-01,2644.97,2716.6599,2624.0601,2706.53,19661740000,2706.53,0.0
2019-02-08,2706.49,2738.98,2681.8301,2707.8799,18114780000,2707.8799,0.0
2019-02-15,2712.3999,2775.6599,2703.79,2775.6001,18338580000,2775.6001,0.0
2019-02-22,2769.28,2794.2,2764.55,2792.6699,14356680000,2792.6699,0.0
2019-03-01,2804.3501,2813.49,2775.1299,2803.6899,19586400000,2803.6899,0.0
2019-03-08,2814.3701,2816.8799,2722.27,2743.0701,18620090000,2743.0701,0.0
2019-03-15,2747.6101,2830.73,2747.6101,2822.48,20361870000,2822.48,0.0
2019-03-22,2822.6101,2860.3101,2800.47,2800.71,18727610000,2800.71,0.0
2019-03-29,2796.01,2836.03,2785.02,2834.3999,16914430000,2834.3999,0.0
2019-04-05,2848.6299,2893.24,2848.6299,2892.74,16459900000,2892.74,0.0
2019-04-12,2888.46,2910.54,2873.3301,2907.4099,15751420000,2907.4099,0.0
2019-04-18,2908.3201,2918.0,2891.8999,2905.03,13599690000,2905.03,0.0
2019-04-26,2898.78,2939.8799,2896.3501,2939.8799,16755720000,2939.8799,0.0
2019-05-03,2940.5801,2954.1299,2900.5,2945.6399,17800970000,2945.6399,0.0
2019-05-10,2908.8899,2937.3201,2825.3899,2881.3999,17602830000,2881.3999,0.0
2019-05-17,2840.1899,2892.1499,2801.4299,2859.53,16938710000,2859.53,0.0
2019-05-24,2841.9399,2868.8799,2805.49,2826.0601,16479450000,2826.0601,0.0
2019-05-31,2830.03,2840.51,2750.52,2752.0601,15076270000,2752.0601,0.0
2019-06-07,2751.53,2884.97,2728.8101,2873.3401,17919730000,2873.3401,0.0
2019-06-14,2885.8301,2910.6101,2874.6799,2886.98,15783900000,2886.98,0.0
2019-06-21,2889.75,2964.1499,2887.3,2950.46,18441710000,2950.46,0.0
2019-06-28,2951.4199,2954.9199,2912.99,2941.76,18736050000,2941.76,0.0
2019-07-05,2971.4099,2995.8401,2952.22,2990.4099,11118040000,2990.4099,0.0
2019-07-12,2979.77,3013.9199,2963.4399,3013.77,15216580000,3013.77,0.0
2019-07-19,3017.8,3017.8,2973.0901,2976.6101,15904160000,2976.6101,0.0
2019-07-26,2981.9299,3027.98,2976.6499,3025.8601,16649220000,3025.8601,0.0
2019-08-02,3024.47,3025.6101,2914.1101,2932.05,20098430000,2932.05,0.0
2019-08-09,2898.0701,2938.72,2822.1201,2918.6499,20616730000,2918.6499,0.0
2019-08-16,2907.0701,2943.3101,2825.51,2888.6799,18553910000,2888.6799,0.0
2019-08-23,2913.48,2939.0801,2834.97,2847.1101,16118550000,2847.1101,0.0
2019-08-30,2866.7,2940.4299,2853.05,2926.46,15673290000,2926.46,0.0
2019-09-06,2909.01,2985.8601,2891.8501,2978.71,13689030000,2978.71,0.0
2019-09-13,2988.4299,3020.74,2957.01,3007.3899,19633130000,3007.3899,0.0
2019-09-20,2996.4099,3021.99,2978.5701,2992.0701,20728050000,2992.0701,0.0
2019-09-27,2983.5,3007.98,2945.53,2961.79,16694510000,2961.79,0.0
2019-10-04,2967.0701,2992.53,2855.9399,2952.01,17212640000,2952.01,0.0
2019-10-11,2944.23,2993.28,2892.6599,2970.27,15821120000,2970.27,0.0
2019-10-18,2965.8101,3008.29,2962.9399,2986.2,15500580000,2986.2,0.0
2019-10-25,2996.48,3027.3899,2991.21,3022.55,17251350000,3022.55,0.0
2019-11-01,3032.1201,3066.95,3023.1899,3066.9099,18956670000,3066.9099,0.0
2019-11-08,3078.96,3097.77,3065.8899,3093.0801,20734960000,3093.0801,0.0
2019-11-15,3080.3301,3120.46,3075.8201,3120.46,16622540000,3120.46,0.0
2019-11-22,3117.9099,3127.6399,3091.4099,3110.29,18008990000,3110.29,0.0
2019-11-29,3117.4399,3154.26,3117.4399,3140.98,12883230000,3140.98,0.0
2019-12-06,3143.8501,3150.6001,3070.3301,3145.9099,17452390000,3145.9099,0.0
2019-12-13,3141.8601,3182.6799,3126.0901,3168.8,17669880000,3168.8,0.0
2019-12-20,3183.6299,3225.6499,3183.6299,3221.22,22078130000,3221.22,0.0
2019-12-27,3226.05,3247.9299,3220.51,3240.02,8946500000,3240.02,0.0
2020-01-03,3240.0901,3258.1399,3212.03,3234.8501,12826640000,3234.8501,0.0
2020-01-10,3217.55,3282.99,3214.6399,3265.3501,17666700000,3265.3501,0.0
2020-01-17,3271.1299,3329.8799,3268.4299,3329.6201,18071600000,3329.6201,0.0
